user_id,balance,total_deposited,total_spent
2036c1a2-4e33-4dc3-b49e-694567edf415,0.0000,0.0000,0.0000
cdf812db-ea2d-469e-be9d-60b6ca0d8852,0.0000,0.0000,0.0000
996074f0-d088-4ffa-9d0f-c5304227992f,0.0000,0.0000,0.0000
e9f68a47-aabe-4d29-9603-b10af854bc41,0.0000,0.0000,0.0000
2e7aa1da-1d93-4e38-9271-c9b842f475ae,0.0000,0.0000,0.0000
ea37ed61-b54c-413e-8841-61c8d05da5b6,0.0000,0.0000,0.0000
c6659751-1e60-46f9-96db-3a4518ea337a,0.0021,0.3200,0.0747
216c13c2-b0ef-4146-8a84-fc44ae38b85c,0.0000,0.0000,0.0000
573ab987-6245-420b-9330-60b4eaabbc46,0.0000,0.0000,0.0000
5830020f-ced6-4773-86fd-85a1c6a99ee8,0.0000,0.0000,0.0000
b640499c-567a-4c9c-8c26-0342187d66fa,0.0461,3.2900,2.2175
9a84ca21-26e0-4a16-ab01-82a5371e2a25,0.0000,0.0000,0.0000
a07247be-d5b1-46c6-b414-4bcae27a7537,0.0000,0.0000,0.0000
43a767b1-fe21-4157-8a52-0ba73f0e8651,3.0700,3.0700,0.0000
1c13e460-9d19-438f-927c-cf9bd7ba4537,0.4740,0.5400,0.0660
55f4ff47-f255-4341-a76b-06ff2b3b98e6,0.0000,0.0000,0.0000
62ca355b-ef8e-43f5-a290-9d425a198bb1,0.3252,10.6400,10.3148
dd6b3f0a-69ec-4053-86c7-aa88ac6eb479,0.1718,5.6200,5.4481
9e34224d-d112-4388-a720-13a31e96674b,13.6849,631.1556,8.5547
adda15ba-dfb4-469c-bcb9-859736595429,0.0000,0.0000,0.0000
e0b9b0b7-b704-4eb1-ba6d-bd5acb4d7957,0.0034,3.6600,1.7965
50b2aa35-0d04-46e7-94a4-14338206f2f3,0.0163,3.9200,3.9037
786635df-cf25-425b-a0f1-c8c563f858c3,0.0000,0.0000,0.0000
ff345679-b07d-4c55-bfcd-b2bfcaf52c43,0.0000,0.0000,0.0000
b96b31e4-63ae-4aa7-b96e-168d6701cea2,0.0470,12.5310,12.2345
0c95eb21-8b48-4209-937e-4d01c1e7bf69,0.0000,0.0000,0.0000
e94a810a-6684-4592-a4d8-5ace414a8d50,0.0000,0.0000,0.0000
4ebed42f-3233-40f1-8b0d-e8ecbb59e57e,0.0000,0.0000,0.0000
5e1184e1-0fd8-419e-af66-96c6d3da891c,0.0000,0.0000,0.0000
01c2d4d2-6fc8-4e6b-9eb9-b373cad9be4f,0.2878,6.8550,2.6822
5586f728-1f9b-420b-9663-9bf3d342bad1,0.0000,0.0000,0.0000
54034655-7c2c-439c-9abf-f7d7575ef6b6,0.0000,0.0000,0.0000
c3ef1096-443d-4ac3-8162-84739c38a809,0.2000,0.2000,0.0000
879bbe75-73eb-4450-935e-35313a8d569b,0.6209,4.2577,3.2818
f7043b40-b754-4759-86ed-1187ce00c562,0.0000,0.0000,0.0000
7987e30a-b21a-417a-9ba2-168942ff08a9,0.0000,0.0000,0.0000
20ffa7d2-c8a2-479d-b044-923bca227035,0.0118,2.3100,2.2981
816f99ff-a193-46d3-aa81-6892e3bc4993,0.0000,0.0000,0.0000
85d71fe3-e3fc-404a-a50b-e87cbaca1752,0.0000,0.0000,0.0000
1bc3e0de-199c-44c3-b1c4-ee97c1b03326,0.4282,2.1700,0.7125
91e57e5e-253b-439e-88ca-768956c7dd93,0.0516,0.5400,0.0146
1e190a4c-b068-4885-813d-427b17fb15bd,0.0033,0.3500,0.3467
35ac8d3a-37d0-4872-86fd-2e536a112e9c,2.4886,23.0600,19.5628
14da3e05-3b04-48e4-8d3c-c0bff4bbb414,0.4069,0.5400,0.0000
c658a194-d843-424e-ab61-d86716dc0946,0.0000,0.0000,0.0000
7b35ef45-763a-49d9-baec-0a11466dc12d,0.0022,2.5720,2.5698
4cdf947f-8e9c-42c7-8d09-9ecc0a13c6f8,0.0000,0.0000,0.0000
a373feef-4c71-4a3f-b406-56b3269c4732,0.0000,0.0000,0.0000
ff03ac54-1e78-41b0-a37a-61abc243211d,0.0017,1.7000,1.6983
55437a3e-61e1-46d7-9e0c-07977b4f71e5,0.4612,0.5400,0.0478
f2a5dadc-b53c-4421-92ed-7b864c6187d1,0.0000,0.0000,0.0000
348d9610-8504-4a95-b040-cae39ceb3bb3,0.0000,0.0000,0.0000
fcb2b0ea-1080-48b9-9fb5-14572ee51f08,1.1000,1.1000,0.0000
9b9a16dd-7d10-4493-8616-f5d5a6eaa272,0.0000,0.0000,0.0000
921a2ce5-1f6f-4869-864e-6a55311fed86,0.6400,3.6400,0.0000
8d428d70-1d12-4538-8004-95d8eca4e0d4,0.0000,0.0000,0.0000
f38be778-9033-42d4-98e3-e99bc023443d,0.0042,0.3200,0.1320
4a59bd5e-e14a-4be0-b21e-d30bc947741c,0.3602,1.0700,0.0000
f23dc063-91ff-49be-890d-d8ad3c66cb66,0.0000,0.0000,0.0000
fa38c35d-048e-4f08-b35d-6f2fa26155eb,0.0000,0.0000,0.0000
48f00e7a-c38f-4f57-9b86-af2a03e4f1ad,0.0000,0.0000,0.0000
39a8465f-1417-41f4-926e-6ada8fd5dbf9,0.0060,22.0000,0.0000
63fcdc90-91e2-4be4-9bc1-033282353864,0.0000,0.0000,0.0000
b82583b8-af0a-404a-9dff-b450708432a4,1.8949,6.8700,4.9751
95343ff1-0983-400c-9a3d-809bac3cf77c,0.0042,14.2883,13.2902
f33ae326-664a-493f-a985-74d0c725377d,0.5281,2.0698,1.0230
ccdac93a-d6a9-4ceb-a55a-44aa6af7c71b,1.5986,1.6700,0.0713
45d8b1f7-a9f6-4dbf-b0cf-23c133ed367d,0.0000,0.3330,0.0000
d5007e34-5cf4-4936-985e-d65d7f9dd3b5,0.0000,0.0000,0.0000
443fee50-88e8-4c05-8899-2a40d9ded44d,1.0841,2.2500,0.9307
841ebb22-cf81-482f-a890-009fb12ca038,0.0000,3.8000,0.0000
55ed6c49-914d-4759-bd54-106446d2dd42,0.0211,5.5400,5.5189
fde7048f-face-4a15-a85b-959c1ea48bdb,0.0042,9.6860,8.3041
8ab07df9-f0b7-4590-9d13-c8658de86966,0.1953,2.1300,1.2507
e8e24bd0-9776-49ba-8fff-e6bd5d97f723,0.0060,0.3592,0.3532
2a4ee2a6-bf99-4870-9c8f-ec15d95c4ca9,0.0018,5.4500,4.3201
fd7b3557-4e3f-49a9-8486-66b7381b01d1,0.1424,37.7557,37.3403
c9d86c2e-9777-44b5-816d-c299719598c9,0.0000,0.5988,0.0000
f615b384-1b84-430b-9bde-c27a674f10bc,0.0000,0.0000,0.0000
4dec8cdf-8f2b-4862-a6c2-2f766c80b12c,0.0058,14.1843,14.1784
b9fce31a-4218-4b32-bc17-6e7f61a2e22c,0.0000,0.0000,0.0000
76307811-7137-445f-9069-47da4770147e,0.0000,0.0000,0.0000
2ca2b79e-dbae-4666-a5f6-bc2097b354f9,0.0000,0.0000,0.0000
ac24a4c5-01f4-4dc1-a429-5ae30b9cba52,0.0000,0.0000,0.0000
fd6f4ce5-2cad-4982-9b28-af275d35ae27,0.0000,0.0000,0.0000
ee806f33-008f-47e4-b0b8-3cd8e920b27f,0.0133,2.1340,2.1207
ddd1275e-1065-4f7d-8529-e88e7c8126c0,0.0020,4.5000,4.4980
04b864de-3231-4929-b06a-e6ad5105e9bc,0.0146,0.6400,0.6254
e5bb4324-d526-4aee-ad76-f091cbc534ff,0.0000,0.0000,0.0000
9d91d8c2-abf1-4ac7-8055-046386b5b8c8,0.0000,0.0000,0.0000
329bf627-6d56-43c9-b2e1-bedab35d222a,0.0000,0.0000,0.0000
22e49bfd-e79a-4e6c-8ce1-72c6c11bb79b,0.0150,17.0000,16.9850
d558b7e8-b65a-4b6a-b7ac-d55611fde279,0.0000,0.0000,0.0000
2a597076-98cd-467f-8624-6adf69e26d68,0.3184,5.3721,5.0536
0bb815fd-4ea2-4eb7-900c-60ac5e781449,0.0000,0.0000,0.0000
b5868e2e-951b-4b8a-bac7-893e02ea4ae5,0.0000,0.0000,0.0000
caa348cb-57b6-4176-92e9-8526a1cb1c2a,0.0000,0.0000,0.0000
eee0daf5-dbf8-4745-8409-b911168e76bd,0.0000,13.1916,8.1915
80a7602a-5cda-4c8c-8ab6-e3ca1814e02c,0.0018,0.4000,0.3982
4100ecd0-835d-4eff-82e3-3bd77bcce3ad,0.0000,0.0000,0.0000
97910ec0-1461-4ec4-9a5b-e833247178f1,0.0000,0.0000,0.0000
186c6efa-0ba7-4576-9a7f-e848011f9dd6,0.2066,0.8500,0.6434
5d41cf83-7869-463f-82ff-f94e27c1615a,0.0000,0.0000,0.0000
a4e2a7d1-4700-45e9-b414-e00cb208d86f,0.1942,0.3200,0.1258
5af61420-3dbf-4a58-a6d0-bc67389bff62,0.0000,0.0000,0.0000
96c2a887-701e-45d1-93a0-5bced111e0c2,0.0473,0.6200,0.5727
b676b832-0e10-41f3-872b-806727696512,0.6195,1.1100,0.4905
f2f7d54d-d13e-4d7e-99e9-900b950db420,0.0000,0.0000,0.0000
8bb6c425-257c-4f7a-8dbd-fb73e44f6440,0.0000,0.0000,0.0000
f12e41d4-f6e9-4f85-a7a3-a53e42741a8e,0.0000,0.0000,0.0000
9f784e8d-d3da-4575-80bd-3376915efcea,0.0000,0.0000,0.0000
60431b1c-0b11-4379-8cea-087ee4735e09,0.0000,0.0000,0.0000
48eb8198-63e9-4add-8884-c1c761d9d8ab,0.1930,0.6600,0.4670
7508420b-508b-4ad4-bb3b-a08a46340241,0.0000,0.0000,0.0000
8d85f346-b335-4420-bb27-1c083b396eb7,0.0000,0.0000,0.0000
783edd51-9184-4c69-b76f-fcbc2a8e55fc,0.0000,0.0000,0.0000
5dc945ff-8c2f-4fb7-9edb-5aec66545d96,0.0000,0.0000,0.0000
5ea4ea9b-f3a9-420c-91f8-5f4a7fb744b4,0.0000,0.0000,0.0000
173b376e-e7dc-456e-938f-bf7b532fa58e,0.1191,1.5500,1.4309
31d7859b-caa0-4042-ac8e-6f1d09d71dee,0.8466,1.0100,0.1634
2f1d89ce-a02b-4a6d-9e8c-4082315a08ae,0.0000,0.0000,0.0000
dcef2e5e-a580-4347-8c0d-a11c9c0f834e,0.0353,2.6600,2.6247
5fefc1d8-bd14-406a-a64a-dc03937c6937,0.0000,0.7500,0.7500
d61df109-183a-4852-8047-403b7e90deb9,0.0000,0.0000,0.0000
480b2326-9dc8-4ef7-bfba-3b6cf77f2ad2,0.0000,0.0000,0.0000
6dff36cb-f774-40af-9212-281baf740bc2,0.0000,0.0000,0.0000
000ee505-dbaa-4bf7-86f1-2c1bb4eb196e,0.0000,0.0000,0.0000
6cb5b806-dcb3-4688-90fb-69f88beb5c1b,0.0005,1.1543,1.1538
d6036384-e678-422e-89ff-0226d90995ed,2.2325,26.9212,23.1086
d42bff61-dc5a-4f45-a7c9-df97527f44aa,0.0000,0.0000,0.0000
0b39e82f-ebe3-4285-933b-52758706b516,0.0007,0.3200,0.3193
c49d8dae-225d-4f38-9be7-a91a27e1a3a7,0.0000,0.0000,0.0000
679ca084-8386-427b-a149-17f50e6cfb5b,0.0000,0.0000,0.0000
2a136ae8-610b-4f46-ace1-2225c4d9e2af,0.0003,0.3330,0.3327
497f732b-6a5c-412f-b554-da06f3039f99,0.6003,1.0700,0.4343
b412ec2f-1d70-49dd-9f08-942582ef7bdf,0.0004,1.0800,0.8795
3a7fc3bf-310f-4ac7-bf2d-e93a85a8a601,0.0354,2.1300,2.0946
ce4b404d-01f7-41d6-9a08-55fa11d7ba36,0.0000,0.0000,0.0000
00b9d0c3-6e90-477a-bad1-aa4830e8aeec,0.0000,0.0000,0.0000
3b83b988-4f0b-4138-9a54-752c7b0c3782,1.3869,5.0000,3.6131
7f8f6681-00ec-4e76-a03c-faea27def84c,0.6986,1.1000,0.3575
2338ef5c-95a1-4881-88da-3107684c02f9,0.0000,0.0000,0.0000
4463abb2-7b14-4173-b871-e3e988c4e694,1.0492,7.4000,5.7554
f0d6809c-b40d-4159-9a89-b69f9417ccb6,0.0104,0.5560,0.5456
073e86ee-6efb-48ed-b57f-8d7309a6b612,0.0551,0.6300,0.5749
cc1580fb-7bf1-411f-a424-65709c006c36,0.0020,0.3500,0.3480
75112b31-efa6-4307-8acd-7525e2cbc26c,0.0001,5.0000,4.9999
accf2e9b-92b7-423b-8a8c-af1cba6e1b4d,0.1240,0.3330,0.2090
1e5b8042-99e9-400d-aab3-f1c96fcdfff3,0.0106,0.9160,0.9054
f336dde4-662e-4de5-88b6-0b1a39f3be2c,0.5465,0.8755,0.3289
3cd00544-731e-432b-922f-2820dec8404a,2.6036,55.5778,52.9742
be77d6b3-c92c-4fd1-8c86-471ec0f8dcd2,0.0002,0.3300,0.3298
bebbd2af-a5e5-4666-bde5-4d620acb2c2b,0.1048,1.1050,1.0002
be9089c5-7a11-460a-9d14-6a58e330ba2e,0.0000,1.0000,0.0000
11cc61fe-0886-4e3d-a787-9c90fbf17d5b,0.1137,5.0842,4.6592
027be2e5-35d8-4ccb-a8f5-2f56856ade96,35.8603,37.0162,1.1558
1d08677a-10cd-454a-9dac-2490d0a9679b,0.0000,0.0000,0.0000
13a6df49-08fb-4426-8c91-dd6a83deb9c1,0.0414,6.2184,3.3170
8b099cd7-3724-4ae6-9506-3729fa58ff00,0.0000,0.0000,0.0000
b1e45326-ca21-4cc4-8714-65885810d66e,0.0000,0.0000,0.0000
baa65c19-ce8a-4634-a2bc-91f91af8f1ac,0.0000,0.0000,0.0000
8d3e2fdf-ce1e-441d-85e0-cb369625e4df,0.0000,0.0000,0.0000
1e2b50ba-5ecc-4efd-8049-abb2c1fd4e05,0.0000,0.0000,0.0000
58d2c8a1-744c-45a5-bb1c-095500ac43f4,0.0000,0.0000,0.0000
8be49a57-ca6c-4adc-9cfb-8450bd692a5d,0.0000,0.0000,0.0000
5f340636-261f-45b1-a850-5215caed76b5,0.0000,0.0000,0.0000
01d93c18-a587-4b7c-89f8-59f2c61e2fa4,3.3000,3.3000,0.0000
16638985-2dfd-4d28-b048-4c14e9232f35,0.0000,0.0000,0.0000
68fceae7-34d2-4d62-88c7-5d5d24fc65d4,0.0000,0.0000,0.0000
02f9f64e-122d-4513-86a7-540cb2ed4356,0.2042,0.5400,0.3358
de68e3c4-f947-472b-9d2b-73daefbe9e7c,0.0606,0.3330,0.2724
269f9a65-5748-4b85-8df0-12974eafea7d,0.0000,0.0000,0.0000
10259799-d01d-4d45-b0f4-9098cb93ef6a,0.4468,1.1000,0.6532
04da693e-0dfd-4a06-956a-294d51581563,0.0000,0.0000,0.0000
024550fd-9452-466d-b153-6415f6ebad07,0.0000,0.0000,0.0000
bcde955c-ebbb-4c80-a9ac-e5c523b90b27,0.0000,0.0000,0.0000
ec000e63-7f75-41de-b001-d124b0d45a6c,0.0006,0.4440,0.4434
c5573585-1a3b-4cc8-8512-e4b8114c6323,0.0000,0.0000,0.0000
02e818af-e02a-4ace-96b6-4bdfc1ebb78a,0.0188,2.5500,2.5312
c0cca66e-2904-4358-8ec2-9af9ba16ae2a,0.0753,0.8755,0.8001
7b4ec3cd-84f1-45ce-a308-dd17b502c556,0.0000,0.0000,0.0000
27f6db46-9e9d-4690-9df0-18616c8319b2,0.0000,0.0000,0.0000
986acfae-2d34-4649-836b-7ca70b07f044,0.0000,0.0000,0.0000
12b50c38-9de8-4fb4-b09c-c3afba5565bc,0.0000,0.0000,0.0000
ba018053-8852-4777-a400-dc149cc50520,0.0000,0.0000,0.0000
f2b93d87-610d-41da-aa27-282e818858ae,0.0000,0.0000,0.0000
f17c4ba7-211c-4b39-b265-730d6fdf0593,0.0114,0.5200,0.5086
7532bd00-983d-41dc-9396-66810a51f095,0.0000,0.0000,0.0000
8cbf0136-c8e4-4bbc-a44c-1d8901c9f2bd,0.0000,0.0000,0.0000
c76cb970-c0ca-464e-8472-f63832a4ad31,1.2382,2.0000,0.7618
7ee1eb04-c2ff-4462-8bf0-94c8859527cd,0.0135,0.3200,0.3065
91a0217d-9998-4802-9046-d6cebfb0cb87,0.0000,0.0000,0.0000
61c27c50-efa2-413a-85ce-332c0b493917,0.7805,3.3300,2.5495
b6a24cc4-4fc3-448f-acbf-ae427d111582,0.0000,0.0000,0.0000
9620209c-9d2b-4560-93b1-164d9a4b7965,0.0000,0.0000,0.0000
99601717-23d2-447e-a795-5093784b7d03,0.0000,0.0000,0.0000
a1717ada-d503-4659-9351-9a7891aba871,0.0000,0.0000,0.0000
e82a7350-7fee-4de4-ac0e-a34fb691d772,0.0000,0.0000,0.0000
e24283d5-d2e7-4c43-8088-a1c0fda1fccb,0.0000,0.0000,0.0000
be1d7a5c-394f-4325-bb38-05d0f0ebc596,0.0000,0.0000,0.0000
bda89cdb-7379-42b3-8145-9be0ec1caed8,0.0000,0.0000,0.0000
891b8aeb-3575-479c-97c0-11db440897a2,0.0000,0.0000,0.0000
ec8d3a7e-034d-412f-95be-d84e1fb60ec9,0.1464,0.3200,0.1736
1f156b3c-2475-445a-a000-84fd36570b2b,0.0165,3.2300,3.2135
465cdc41-36e6-42b5-b15b-b36542c826db,0.0002,1.0650,1.0647
b851fc69-f554-47e1-8fa2-0c23e7932b8e,0.0000,0.0000,0.0000
35520ce3-5d8f-467f-88cd-1f84a800bdab,0.0000,0.0000,0.0000
37b10a30-5d1e-4b02-a533-44f392ba5ab5,0.0038,10.3500,0.6062
37fde9c1-e017-4824-8877-3e2e80a55573,0.0051,7.0555,6.8282
b3772e41-ea05-459f-bffb-a17de12195ee,0.5176,1.9943,1.4766
f1d6120b-7704-4e04-9eb9-66ca5eeb69ac,0.0878,0.6200,0.5322
52b356ae-b869-404c-be5c-8770e1c111ee,0.3188,0.3200,0.0012
18f8cdeb-8f45-4c1e-9c29-ec63d87f73a6,0.0006,0.3300,0.3294
cbaa75d2-88c0-4fc4-9f63-94479618cf24,0.0387,1.5703,1.5316
6f58c45b-750d-4a24-9f3e-b2df956d7ff6,0.0096,0.3330,0.3234
d80739e2-2bd8-43d3-8802-cf1b7f0b89f4,0.0152,0.7730,0.7578
df7a1e9d-614e-4bf2-9013-f918b6014696,0.0537,10.9491,10.1767
a637eac6-0bc0-48f2-a12d-592d6992095c,0.0000,0.0000,0.0000
8d5883d3-9f84-4ffd-b95e-3ca46c825d9b,0.8217,1.0000,0.1783
0bfc746f-b7fc-409b-88cc-5010e0723d83,0.0000,0.0000,0.0000
f4e87e69-38a1-4aa3-be10-d75b2c72b6f1,0.0000,0.0000,0.0000
b75e5c78-52be-42d1-94c5-ab317f5bb927,1.4821,1.6600,0.1779
d11c2410-e1dc-4fcc-9733-2d8d1e764656,0.0000,0.0000,0.0000
19ed67b9-e86d-40c7-af8e-226f028b5cb6,0.0000,0.0000,0.0000
0af4c9c7-9fda-4c03-a978-069ddf93208b,0.0000,0.0000,0.0000
cd6bc735-51c9-4325-8850-3f9bd33e385f,0.0145,0.8700,0.8555
4bfcbef3-d964-4cd1-872d-b7a72e68043e,0.0000,0.0000,0.0000
af7daa51-3de9-4963-947e-e0522f675a14,1.0500,1.0500,0.0000
0cb6d2c0-8689-4a4c-990f-db4aa358a9ac,0.0008,2.5300,2.5292
cb632966-45fb-4959-b833-096a4a94f740,0.0000,0.0000,0.0000
410acb72-29d2-4a17-9904-2dbb2079891b,0.0048,1.1100,1.1052
39684e30-4b7c-4e78-9931-a5c20d148527,0.2643,1.4400,1.1757
b0a96812-ef0c-44ae-9ef7-960828f93916,1.4480,10.9200,3.9220
d9b6369b-69b6-4f68-aa76-03b36dd54fa1,0.2132,0.9200,0.7067
e4ed8c2c-d2bb-4e3d-b7e7-9bf48bb30d04,0.0000,0.0000,0.0000
289916d3-7ed2-4e9e-b1b0-d0247f1be14e,0.0000,0.0000,0.0000
e69a8613-6320-45b5-9515-aa5db9f32e5a,0.0000,0.0000,0.0000
41bd1784-fd04-4201-9056-5f53cf5c6d58,0.0000,0.0000,0.0000
835748bc-f819-4840-9860-1fa8e576ca3d,0.0000,0.0000,0.0000
ad0a5cd7-a5bb-41e0-a3bc-a954e2d291eb,0.0000,0.0000,0.0000
6a016abe-b2bf-4f2e-8b7a-155759fb1c28,0.0000,0.0000,0.0000
73996073-2c08-45e5-b31a-7a66b3b37407,0.0000,0.0000,0.0000
dcb4db3a-62ef-413c-81cd-2d7aee03db00,0.0000,0.0000,0.0000
759da997-ea04-47c5-80e5-109bbbb14a63,0.0000,0.0000,0.0000
280fdfea-5cb5-4b69-b09b-194460dd5c4c,0.0000,0.0000,0.0000
62755496-3f14-473f-8f3f-565c52e1400e,0.0000,0.0000,0.0000
7500d08a-7a78-4c5d-a6eb-dfb49520490c,0.0000,0.0000,0.0000
0581e5f4-fac8-4dc7-b93d-ac3e3a1c41de,0.0000,0.0000,0.0000
7458a058-8954-42a4-940c-6577990ff1a9,0.0000,0.0000,0.0000
9988dfee-a9e4-40b6-a514-5d57ee080cc2,0.0000,0.0000,0.0000
e50f5855-05df-49c0-92e5-53d664215083,0.0000,0.0000,0.0000
26f75063-811d-4c3f-8e91-636fced277f3,0.0091,4.2200,4.2109
ef1f4db0-c512-433f-b6aa-bff63db38a63,0.0000,0.0000,0.0000
fe2c6222-8588-4d64-aa89-71c583bc1425,0.0000,0.0000,0.0000
9fbcc45b-b35d-4371-b781-a50e00e8e521,0.0000,0.0000,0.0000
1dd68eb5-9b49-40bd-a6a1-5b6308eaeb03,0.0026,8.6300,8.6274
2afa709f-7283-4660-a3f0-1a07eada5ef3,0.0037,1.0600,1.0563
9921bd56-b520-4817-b289-114bc5af2806,0.0000,0.0000,0.0000
7bd30fea-9f08-4ab5-a1ec-4ba7c71992f5,0.0000,0.0000,0.0000
9d65be49-2f4b-496a-9a4c-9eefe2cf3e4b,0.0000,0.0000,0.0000
ffcc48a0-f65e-4cb3-ad5b-bc9b8a4427a0,0.0000,0.0000,0.0000
add52ec4-4c24-4218-8379-b604d6ffa98b,0.0000,0.0000,0.0000
62a8cc1a-7819-4002-b346-fd2dba409893,0.0000,0.0000,0.0000
42c35e53-31b3-4a02-b010-a6e694baebb3,0.0029,8.8300,8.8271
1478c534-186a-4ca5-8fb6-bee9c6e182a6,0.0000,0.0000,0.0000
d34a8795-745c-4d63-83ab-ff761c355e09,0.3957,3.0800,2.6843
a05a7feb-5fcc-4dc7-bb72-6ace09dc75fe,0.0065,2.1100,2.1035
244b2dc5-7713-4509-b605-62de122cdab5,0.0000,0.0000,0.0000
1d7a10c9-2148-453a-974f-ffaed4818842,0.0000,0.0000,0.0000
1096666e-0b63-4d1e-8cc7-bc036082bbd5,0.0142,1.0400,1.0258
aa0aa412-0d20-460a-83f2-e53239e192d4,3.8397,7.9900,4.1502
8635f632-3d83-4bea-84b5-7d7c3fb4b9f1,0.0000,0.0000,0.0000
78bd6adc-c2a5-45f9-801d-cba3d1fcaea9,0.0000,0.0000,0.0000
736b88a7-8e15-4baa-99d4-e49ad54e6821,0.0000,0.0000,0.0000
e7a64e27-ffb1-4afd-9059-b28b74169bcc,0.0000,0.0000,0.0000
d2e2cdee-3570-4aff-8ed6-e556c8f6b412,0.0000,0.0000,0.0000
72073aea-e2a6-4fe8-97b8-413b0439b701,0.0101,1.1700,1.1599
c45d13df-3a4e-4e26-8a49-5e7ee9d87847,0.0000,0.0000,0.0000
631388e3-3a2f-47ad-a9d7-2e216a903ef7,0.0000,0.0000,0.0000
0a92dab1-f9f2-4ffb-8315-ce364b3d1366,0.0000,0.0000,0.0000
b8a5bc2d-90ec-4623-a00d-28b1a0cf39aa,0.0000,0.0000,0.0000
96474b0d-3639-488d-bd08-55f0e015dcf3,0.0000,0.0000,0.0000
124272e9-5db2-4ae6-98b7-f815070fb421,0.0000,0.0000,0.0000
86902669-5234-4f45-9a23-abd1b9f93238,0.0000,0.0000,0.0000
a7bf75c7-5dda-4ff3-8eec-fa0762c639c5,0.0000,0.0000,0.0000
9e104f65-affe-47da-a36d-9558f7eaa2da,0.0776,0.3200,0.2424
3cf1d5e7-da2d-47e6-b4ce-f8bbceb5cf0e,0.2485,0.7400,0.4915
e75816a9-2d24-4de2-acf7-be616e60c06d,0.0000,0.0000,0.0000
4603a675-4bd0-4057-8e26-172cd567130c,0.0000,0.0000,0.0000
26183e96-5a8d-4139-bbc7-9ab925c690d2,0.0000,0.0000,0.0000
0f5325ac-dad2-4f99-9bba-4ef09018baef,0.0205,0.9700,0.7495
0941d249-895c-4739-b9ff-f093526e7b75,0.0000,0.0000,0.0000
fc7a0d6d-35e5-48bb-83fc-c954b683564c,0.0000,0.0000,0.0000
55283074-95b5-4334-a270-63abb631c58b,0.0005,46.5800,35.4795
686a6cb6-757a-4935-9adc-c2e5a14ac9d7,1.8730,26.6521,24.7791
9b74a936-b7bf-4ba4-acc3-ca5fb40059e5,0.0072,44.4382,36.6532
f1dff27b-08b3-4951-8bad-c6e13bb6f136,0.0000,0.0000,0.0000
c07954c0-2980-459f-8159-d7a869da7c1c,0.0000,0.0000,0.0000
167c9276-09fe-44de-9a1b-0700e6ce1966,0.3556,36.8372,36.4815
23581db4-154c-4b61-be03-83664612eb01,0.0000,0.0000,0.0000
871fa379-db7e-41c4-81a2-c4ac32487bca,0.0464,0.6100,0.5636
50067f9b-c5f0-4e06-9155-e0f92340221c,0.3000,0.3000,0.0000
3ce43d71-9ca5-46cd-b264-f9ca40392a26,0.0010,0.5200,0.5190
8eb6a011-e251-46df-9cf6-504ec94a2588,0.0000,0.0000,0.0000
043b3b96-2def-45aa-a139-f13057c41cb3,0.0000,0.0000,0.0000
e5d5336f-2b32-4715-9d67-5e2337a75861,0.0000,0.0000,0.0000
342f9f13-eaf1-46d7-a715-8387612573b6,0.0012,0.3200,0.3188
cc53e653-7f47-4625-aa40-1f57a5fd8a4f,7.6460,39.9900,25.0940
f3148058-81b2-4349-8874-a8869e07a1bc,1.6166,10.7464,8.4497
9d4cc9c7-d6d3-4be8-9870-121a5ce669d8,0.0103,2.1000,2.0897
2a621531-29e1-4497-b4b2-c4ac2d0942b3,0.2653,1.0600,0.7947
96919391-a9ba-452d-b577-7ec8b16c7aa1,0.1416,0.3200,0.1783
41cd81ed-0fb7-4128-b4ed-4e0cf9736157,0.0005,0.5555,0.5550
230dcd12-b08c-4d40-b7b7-9915b7ccc162,0.0000,0.0000,0.0000
c273ae16-7fa7-4cf3-a12c-d5c18db7070c,0.0000,0.0000,0.0000
54ca8982-a0d5-4e61-a1b3-88160896f946,0.0000,0.0000,0.0000
589de922-4040-4253-9471-bae7b10a0dab,0.0000,0.0000,0.0000
5289767e-d7fc-48b3-a3b2-d856038c1a43,0.0000,0.0000,0.0000
32c9e5f7-77d2-44dd-845a-3591074d2d67,0.1574,2.1300,1.9726
1ec74ba2-2ac5-4804-94ff-ca8d48785062,0.0000,0.0000,0.0000
901beee0-f440-496f-aaff-c0dd48ab7c16,0.0000,0.0000,0.0000
28ef8808-2ed6-4aba-a374-7358b8d8446f,0.2670,1.0400,0.7729
a15bf794-9108-4b4a-99a9-9bc52b2660f8,0.0000,0.0000,0.0000
9c88a969-4d2c-4de5-b211-73bee33f2da9,0.0000,0.0000,0.0000
f737c7e4-82a2-420d-93ef-653a5d42c931,0.0000,0.0000,0.0000
9b9d96ad-8d6f-47d2-8ed9-82cc1a3960e7,0.0065,4.2300,4.2235
d14a8eb5-00d3-4d05-863e-5419ac766566,0.0000,0.0000,0.0000
640be48f-3b93-4eb4-8442-dc9e5d82fae5,0.0000,0.0000,0.0000
8c37ed57-30b3-418e-9194-7b11ac740d93,0.0000,0.0000,0.0000
ec8cebbe-78ee-43ce-88c0-4ecb973981f0,0.0000,0.0000,0.0000
99a15ce6-b589-4c3b-a8e4-a2998960a94d,0.0000,0.0000,0.0000
6bb592af-e139-41c8-bc7a-309451a51161,0.0000,0.0000,0.0000
5ff33235-e879-4193-9717-bcaa1399b605,0.0000,0.0000,0.0000
f61dc101-2b0b-4c39-b3b2-22ddcfaec9c1,0.0053,0.3200,0.3147
05920fe6-9c20-44e2-a6ca-c452303952a1,0.0000,0.0000,0.0000
4edc37c4-b5e9-4519-ac4f-1a1be207df72,0.0000,0.0000,0.0000
60116e6a-0df1-4b89-8f63-43e3f2fd9f4f,0.0000,0.0000,0.0000
394cb5ba-5fa9-440f-9fe6-aa5fcc15fb22,0.0183,3.1800,3.1617
681849b6-d1d1-44b1-aa95-2b165954fdea,0.0000,0.0000,0.0000
771bea1b-9bfe-4d21-a428-33cde866c995,0.0000,0.0000,0.0000
6a7bda9a-8e66-46ed-9609-216d1ad3add2,0.0000,0.0000,0.0000
f9d2d2dd-2653-4e08-a204-41446c33fbce,0.0276,23.0562,23.0286
687f6c0b-341e-4238-828b-8fc5e3c6b7f2,0.0000,0.0000,0.0000
7d577933-dd90-442d-93c7-cc0a3e715156,0.0161,0.3000,0.2839
11518053-ca06-471e-88fb-5ecf2a21c929,0.0000,0.0000,0.0000
5985bca4-1fe7-4832-88c3-acad5c7346e4,0.0000,0.0000,0.0000
50f126cb-d8aa-44e8-8a2d-a6e246354db5,0.0000,0.0000,0.0000
afae7791-403e-41ad-b0e1-c21ae30e7c64,0.0796,15.3000,15.2203
dd6b58e3-a6df-49ae-9f13-38c5ff275014,0.0000,0.0000,0.0000
2b50c0df-be2e-4822-b4ec-e1f7e718a749,0.0000,0.0000,0.0000
efb97bb2-3fbb-44d3-b818-699ef76b61de,0.1510,7.0100,6.8589
2f4eaffa-5c32-4cb4-9587-ece16813e8c4,0.0000,0.0000,0.0000
36cc91cf-b9e0-4511-9921-c71267a1e2a2,0.0000,0.0000,0.0000
8ea11f39-81a6-4dbb-950c-937d0df44921,0.1798,2.6600,1.4801
8507e63f-3158-4d82-add6-db444612b7b7,0.3100,0.3100,0.0000
c1065d42-66ee-4053-8fa7-fd24e4912cea,0.7632,0.9400,0.1768
b9f26ddb-da64-41bc-aec0-76ca02585462,0.0016,31.6000,31.5984
8b3c55fc-c676-4677-97e3-7081ba376870,0.0553,1.5600,1.5047
c30927fd-36f4-4b5e-8c4b-2bb2e29e1334,0.0084,0.6400,0.6315
855d4a7a-e746-4e89-80e2-8f32fc3a1c6d,0.0000,0.0000,0.0000
64a30eed-2327-4cfb-bbfe-3e1f8f728d25,0.0561,0.3100,0.2539
7e7aaa3e-6914-47b2-8fec-f34e69a96a5a,0.0000,0.0000,0.0000
e701c506-5666-4c59-8c0c-3f65edcdcfcc,0.0070,0.3100,0.3030
9923b4bc-3872-43ca-94e7-e1da3ec0c5a0,0.2463,0.8300,0.5837
eb4baa56-5ade-4b0d-b2e6-d0696d678046,0.0000,0.0000,0.0000
7a43a704-2f7e-4e56-8bab-7cb347452c73,0.0003,0.4200,0.4197
94df08cf-b3b9-4aa0-b0eb-d231d4f7cbee,0.0000,0.0000,0.0000
eb7b4c43-d3cc-41b8-8d87-2482145199b7,0.0000,0.0000,0.0000
39373039-6bc8-48d4-a7b6-a59db63302eb,0.0000,0.0000,0.0000
79b1e54d-8a14-41f8-a05a-b8d694bab97f,0.0000,0.0000,0.0000
5e1b8c15-eb17-4290-a879-cd9731eed88d,0.0000,0.0000,0.0000
77d16ee4-b277-4eef-b636-4b6d5a651967,0.1597,0.3100,0.1503
59fb6e06-f9f5-4d53-9595-c30d820ad773,0.3533,5.9772,5.6238
3b72061a-bdfa-4df4-9dad-1d8e5b0002bf,0.0085,0.3100,0.3015
95fc44be-f36b-4a41-b184-9f23df777ea5,0.3903,28.6697,27.7793
22544131-6979-4060-b2c4-19fc4ffc54f3,0.1271,1.1000,0.9729
fab6b94d-263c-4625-8c61-ac6901db76ab,0.0000,0.0000,0.0000
12e35007-5a9c-4854-8650-d2f1df9a3de2,0.0000,0.0000,0.0000
c52849f3-796f-4289-8689-d75600ef8895,0.0000,0.0000,0.0000
cbba17c2-2ea4-4367-b6cc-ea8e83bf097f,0.0034,6.4000,6.3966
3ccd4222-cc6e-4388-9dc6-4105e0f47a46,0.0000,0.0000,0.0000
2914cfc7-e43a-42a8-8356-8e97e56a0d29,0.0006,4.9900,4.9894
71818a25-26f2-43b1-b601-cb56f313cb4d,0.4954,0.7300,0.2345
4a1258e5-4157-475c-a0df-a8343a46fa03,0.0107,2.6400,2.6293
9a590371-9e17-4f78-ab64-2faff29649bb,0.0000,0.0000,0.0000
1d4dad64-13cc-45bd-9041-5fec90d32dfe,0.0132,3.6431,3.6299
b87a983a-c485-4d38-b955-3591821fb7ba,0.0000,24.7000,24.6999
fbe99608-7428-48f0-b1f2-004a0db6eaad,0.0000,0.0000,0.0000
45d077b6-1dcf-4882-9fef-d64188f8d45c,0.0192,2.2476,1.1784
ab021087-1d58-4b5c-b7a9-7f01558114cc,0.9870,6.6000,5.6129
9a27b1fc-befe-4076-a808-47715b0a03cc,0.2166,0.5000,0.2834
25e259a6-1da0-4db0-8af0-fea55135c9ef,0.0128,8.1596,8.1468
5ae92586-4585-49f8-a390-d16ac02b036d,0.0205,0.3100,0.2895
e33c05ef-5c9b-4781-9df7-ec2858b10119,1.2658,2.1000,0.8342
c86eef83-e46e-4e98-8b1e-f454cbb20bf0,0.0000,0.0000,0.0000
8438feb3-4ab6-4463-9e4e-f1dff2249574,0.0000,0.0000,0.0000
eb6122c9-f2fe-475f-bb25-41f97180d8a8,0.0000,0.0000,0.0000
c5dd8a87-68ae-4d4a-b038-08470b5c73f0,0.0000,0.0000,0.0000
dc78c807-b93b-4ace-8c81-a599b88567ae,0.0000,0.0000,0.0000
21396af4-fe63-4ab2-8788-45cec73f15ba,0.5189,1.1300,0.6111
6db7a485-ce14-45aa-9cee-eeeb6d5dfa16,0.0000,0.0000,0.0000
9f81dd96-a76d-42e0-9596-fe47e3d96bb1,0.0000,0.0000,0.0000
f841d345-77ac-4657-b233-cf5d6e52e780,0.0000,0.0000,0.0000
1a3890a7-32a4-4613-ad1b-6ca38aa65edb,0.0171,0.5000,0.4829
927428db-c783-4faa-b56f-b224abe47719,0.0000,0.0000,0.0000
39bfd2fa-f0c0-4707-a741-28e928f39937,0.0000,0.0000,0.0000
9197b8e4-d0c6-49e1-9b78-d915aa7b392d,3.0408,22.2707,19.2298
16db34b4-4818-48ad-b27c-cd902b11e40e,0.0006,4.1100,4.1094
3af2f9d3-47b5-4609-825e-e7f19a802a8a,0.3172,2.0000,1.6828
6c71ab10-e73f-453c-86c3-168e0c6d896e,0.0000,0.0000,0.0000
8b1f759b-f755-481f-9cf3-cb8f152f612d,0.0000,0.0000,0.0000
e7a020a7-1a48-4c06-a4fb-64fba7cc2b84,0.0000,0.0000,0.0000
4889a24e-4eeb-4902-bc49-71e3ca42dfd8,0.0000,0.0000,0.0000
a74a7c51-5aa7-4a84-b397-87068c43f3ef,0.0000,0.0000,0.0000
f2abeb74-09a0-4a9f-8b57-aa38a378f5b8,0.0000,0.0000,0.0000
ae0c88a9-59fe-433c-8566-33bceed081e1,0.0000,0.0000,0.0000
a5e326bf-2006-4333-b848-79140a99c83f,0.4411,0.5200,0.0789
ca31fcc4-e4b7-4da8-85a2-b7cc644de0f4,3.5683,461.1378,254.8394
98048221-11d2-46e9-b9d6-be3de5887c6c,0.0051,0.5988,0.5937
2cd42481-244f-49c9-92f0-8aa93199e778,0.0000,0.0000,0.0000
32897a45-0518-4cc8-b65f-f947fbe355c3,0.0000,0.0000,0.0000
ce892737-db33-46bb-bbf8-c14b7e7438e9,0.4761,4.6600,4.1839
376173cd-5489-4469-b1f6-0627ab220005,0.0000,0.0000,0.0000
8fdb9c96-144c-4f98-8565-420f0306ac42,0.0000,3.9000,3.9000
32cf8bf0-fdc9-45b7-abcc-41a2f345a6cd,1.3656,5.6400,4.2744
220412b5-67cf-4f09-9448-db6003bf837e,0.5190,1.0400,0.0210
e8898ff7-9b6e-4233-9a47-0edf7c77c8c1,0.0463,29.9363,29.8898
bf460b7c-8319-46bb-8d55-3fc07064f5c1,0.0000,0.0000,0.0000
6f146878-93ed-4c04-abed-55a771f182e7,0.0049,0.3100,0.3051
49eccb1b-3caa-43ab-95ab-2a263e90091f,0.0000,0.0000,0.0000
d6b05e55-fd41-42fd-9ded-66d5cac4edfd,0.0000,0.0000,25.8676
42595af5-c527-46d0-9672-02289fb0b3bc,0.0000,0.0000,0.0000
91f3c6e6-a7d7-4c51-b8e4-adc7a98ca69e,0.0000,0.0000,0.0000
c2c9c65a-9cbd-4934-9280-db7235f59ab7,0.6895,1.1000,0.4104
6640b28b-e897-4944-a33d-12078effecd6,0.0035,0.3100,0.3065
cc9e5c9a-9cf9-4c91-8d5d-69208c3b3889,0.0000,0.0000,0.0000
05c78f39-b433-4bb6-9faa-2c6448e2be07,0.1549,2.0000,1.8451
a51b1d1b-4072-4217-ae8f-a28200937952,0.0000,0.0000,0.0000
643bbe31-a727-4331-a794-8ee08e9f05da,0.0000,0.0000,0.0000
6e0a7bf9-8323-4e9a-99ca-4d09387a9375,0.0000,0.0000,0.0000
8e9541c6-b697-4043-af70-ed2c32ba1958,0.0000,0.0000,0.0000
d552861a-f5cd-4290-98db-4d6a8ccd5362,5.4090,7.4956,2.0865
804f431a-8408-4560-ab40-724ac1ad6f41,0.0009,10.2500,10.2490
e51ca7f2-a510-4456-9779-979b07e774dc,0.0000,0.0000,0.0000
f38e8561-826e-44b2-86c3-cb23605cdd23,0.0000,0.0000,0.0000
e5d60350-9c37-4f96-9d4f-8f5a3c2d3175,0.0000,0.0000,0.0000
705e5af6-33f6-42b8-996a-3379c6f52873,0.0291,0.6300,0.6009
413d0adf-d2a6-497d-92a6-e66fa08ba32e,0.0000,0.0000,0.0000
95de3ece-d2b3-439a-a080-bdc9f51557ca,0.6091,11.3447,11.0376
32e33ef9-4ce2-4ac2-a9ab-64691dda43dc,0.0000,0.0000,0.0000
6415d26a-5220-4614-aa09-82fdfb6418d8,0.2631,2.0000,1.7369
1922034a-5d91-4b2c-8dae-b355282fcfaa,0.0000,0.0000,0.0000
ac8dbf7d-bca5-429f-99be-54e269cc5a18,0.0007,2.7200,2.7193
19f912d8-46f3-4f12-ad68-493684378f7f,0.0000,0.0000,0.0000
1bff2960-78a3-4d57-b925-c0503c2aa3ed,0.0068,0.3100,0.3032
f91b1dd7-89e4-461b-806e-29af29c88a2a,0.0000,0.0000,0.0000
8ebb72ab-8d62-463f-a232-b5c7cc345ca0,0.0000,0.0000,0.0000
8eb088f9-55a6-4016-8736-2846552bd086,0.0000,0.0000,0.0000
bf0fc2ce-a72f-4a73-af0b-41c4c495d749,0.0000,0.0000,0.0000
39bb9a3d-bab8-4851-9e4e-c0c1bde97363,0.0175,0.9400,0.9225
a89a7cc2-463c-457a-a520-83a92a9c5064,0.0000,0.0000,0.0000
bc02eed6-22c4-402a-b170-a6ea33be4991,0.3463,4.0728,3.7202
8dda751c-23c8-4ae5-b86f-af333fdaae40,0.0000,0.0000,0.0000
741bb749-53ae-49a6-a61a-e597523f34a2,0.0000,0.0000,0.0000
f8e8b756-2018-4157-bdc8-c3aaed7f31a4,0.0007,5.1215,5.1208
b84774b5-1c66-4af7-be67-48da94f53dce,0.1177,0.3200,0.2023
9ea2adc7-bae2-42bd-a07c-5bb1be066cfa,0.0056,0.4200,0.4144
3a0942a5-5d28-43b1-9b0d-5941ea02859b,0.0134,1.0400,1.0266
5f9efc59-40fb-4cd8-9e22-b72922e4b627,0.1247,0.3100,0.1853
82d1d163-daf5-47d8-b4fc-489c22b208a3,0.0133,2.7400,2.6545
a362c1bb-46a0-4e3b-a505-119b8ae02002,0.0000,0.0000,0.0000
7bc246d3-9f38-4413-8d37-8ee7d2d51424,0.0658,4.7600,4.6941
5dfbfc96-b6e5-4525-b319-9157f64ef239,0.0000,0.0000,0.0000
13ece374-5e53-4e75-b7a6-c09535c33656,0.0000,0.0000,0.0000
dd07fea1-dda5-4174-8b55-4240d56d1dd6,0.0000,0.0000,0.0000
7ed83c11-43b4-4fd6-907c-1aa667f8fdf6,0.0000,0.0000,0.0000
412938c5-b47f-4236-b6c9-d3fd9aa9d893,0.0000,0.0000,0.0000
21cd787e-b6fd-4bff-ad65-017acf8bb51f,0.0000,0.0000,0.0000
a5ff7976-9543-4755-9016-aff4efa425a8,0.0000,0.0000,0.0000
a3473933-b565-4979-9621-38f62dd91adb,0.0000,0.0000,0.0000
74412cd8-8723-4af8-9bfe-7957d328de3f,0.0000,0.0000,0.0000
84179121-7c2d-4c5b-9eee-f37f4a9669f6,0.0000,0.0000,0.0000
eec0c592-b718-4308-9317-cb9570b3dca0,0.0000,0.0000,0.0000
2fc24232-c1e1-4a17-ae9f-e4f5068c90df,0.0000,0.0000,0.0000
1266ba55-4c55-4bc3-a9ce-ea90e9831b17,0.0000,0.0000,0.0000
f66aecb2-c587-4189-b62d-fcfb74f66896,0.0000,0.0000,0.0000
41331321-73e1-4b51-bd1f-c03ec824941d,0.3637,15.0000,4.6362
4e530a13-1478-405e-8530-91e9259bcd81,0.0000,0.0000,0.0000
82b522ef-291f-42fe-955f-513f31d78ef1,4.7352,5.2600,0.5248
5930e602-1e7e-414a-9cea-79224b50e1e4,0.0013,0.3200,0.3187
f40b0ef6-2322-4203-a13f-438283d0d25d,0.0000,0.0000,0.0000
f89538f5-cb0c-407f-85f6-11dd7e63f60f,0.0000,0.0000,0.0000
562770dd-05b8-41c4-b7fe-27eb72d5ea42,0.0000,0.0000,0.0000
61057071-c57f-47d4-a1c6-356ead7e96b1,0.0000,0.0000,0.0000
eef48214-904a-4ddc-8eb9-12908d00af87,0.2306,13.9139,13.6832
fa0d90c8-9cd8-409f-86a8-b6fe37b20377,0.0000,0.0000,0.0000
566f9931-089b-47ba-9293-302728a7755d,0.0649,10.4309,10.3659
c59f0043-d471-49f1-ac9f-6c3b0e102df9,0.0000,0.0000,0.0000
d0bce9c9-b03a-4e2f-aa2d-051ada8a3217,0.0000,0.0000,0.0000
eb1713e2-d412-4480-b652-f2f55271b3c3,0.0000,0.0000,0.0000
b0c9cf33-a2c4-4f22-95e1-4b784a6361c7,0.7014,11.9082,11.2067
5f2fc7b1-2aca-4b19-95de-1dd1569bead6,0.0000,0.0000,0.0000
d7d7fa6d-bee5-4c3a-ac7d-1f616c0d3417,0.0000,0.0000,0.0000
66de8e42-e198-430e-83d9-0e365f268237,0.0753,1.0400,0.9647
0abefd31-b381-4077-8c3a-97d90079c107,0.0000,0.0000,0.0000
20b162bd-0985-4856-8f6c-6ad2a020c488,0.0000,0.0000,0.0000
2fb21f1c-1464-477c-8c31-3fb6a14e4409,0.0000,0.0000,0.0000
572d110c-900a-4968-990d-7ec1f4d034d4,0.0000,0.0000,0.0000
749f7514-8be4-4d28-9893-a200a3d22288,0.0000,0.0000,0.0000
b659df06-4dac-48ca-b5c3-5caa0bb38d4e,0.0000,0.0000,0.0000
6e823f27-dc48-472f-a8bf-0dbb54a689e1,4.2542,5.2600,1.0058
081f1e81-e957-410b-b6cc-5d5a5681d48f,0.0000,0.0000,0.0000
0de8e5b2-8f68-4b43-87c7-25baf3c0e670,0.0000,0.0000,0.0000
23c5f080-bbd5-474d-81ea-7782e13459a9,0.2502,2.6819,2.4316
2e29b19f-dc5b-4385-8142-7d98d08786b4,0.0000,0.0000,0.0000
d2470cff-b0ff-4d63-8c74-c32355a4756e,0.0646,1.0500,0.9854
493cd29f-da53-409d-8f09-b2285fec6f71,0.0187,0.8500,0.8313
cd02deae-298e-41f4-8884-38cbf744c27d,0.0129,7.8642,7.8513
fe7c202b-5cd7-477e-ae8c-7d48db6c655d,0.0000,0.0000,0.0000
7dde4564-01a6-4942-9c34-3c38febd25f0,0.1896,1.0400,0.8504
899c48c8-6d18-4957-95c1-c256c3ae57dd,0.1067,2.5800,2.4733
4594e49e-968f-4fbc-83f3-df62888172d3,0.0008,3.7383,3.7374
ae72e803-c10a-4c7e-9cb3-49223fb6dfd8,0.0000,0.0000,0.0000
cc767f7c-b093-489c-b2f9-21151aa71e49,0.0000,0.0000,0.0000
4680f5a9-6660-426c-8424-511d1ff0ea7b,0.0000,0.0000,0.0000
f0bb7b87-4204-4327-8daf-e7ac171e031d,0.1214,0.8500,0.7285
dd1baa9f-15a9-46d5-8d32-e92c04cb8b87,0.1231,0.8400,0.7169
cf1d34a0-490c-4d35-85c9-09a2d2555db7,0.2075,10.5443,10.3367
29db7c26-467c-4549-b8da-1c84119a476a,0.0000,0.0000,0.0000
f6655be6-bfb8-492f-9e71-6bf105934b7d,0.0000,0.0000,0.0000
c8f35b57-2b26-461a-9fc0-bff1f6c969a6,0.0010,0.6200,0.6190
387256db-062c-4c43-831f-a02768a85c9e,0.0000,0.0000,0.0000
1bceea78-f9ee-44fb-99b4-25e36051db27,0.0000,0.0000,0.0000
f8a0b0f0-ce7c-438a-ba51-d0c1783bde81,0.0000,0.0000,0.0000
17083f24-6143-45af-9cfd-00cdb30bf8c0,0.0000,0.0000,0.0000
84302c51-f3a5-4e21-87f0-0ad3c021bbf3,0.0000,0.0000,0.0000
7b51371d-428e-467c-8be7-6b120cdd72ae,0.0000,0.0000,0.0000
2735ee53-9838-4700-bba4-1581dad87731,0.0397,7.0000,6.9603
b32cdcef-0618-48ea-8f1c-42e8c48e761a,0.0000,0.0000,0.0000
9a893448-7916-476d-a94f-ddbb34749889,0.0000,0.0000,0.0000
2ec105f6-087c-4b75-8b2a-47a08e161acb,0.0011,1.0000,0.9988
02254466-0e3e-4f16-a2f1-127af12567c4,0.1450,16.0296,15.8846
bdba51b4-e8d3-499c-9d25-082b6017dc58,0.1464,1.0400,0.8935
513fefab-91e2-4ae0-bec9-f58b3a6fd0cb,0.0000,0.0000,0.0000
4b875546-3693-4889-bef6-a9a32fbfed2d,0.0783,5.2200,5.1417
f77ee698-47b8-4c3f-a585-8f8c99f93317,0.9748,7.5091,6.5342
367c938f-3d6b-4730-9afe-499d111311ac,0.0000,1.4370,1.1974
c4f241f3-43ee-4623-a84d-5d77784e5be0,0.3627,1.3500,0.9872
610c807e-38d2-48de-87d2-0fbfc25ea2db,0.2185,0.3200,0.1015
66175bac-668e-464c-8d4e-3d63c0356f92,0.0325,4.3952,4.3626
e065a509-776b-464c-8948-e728763ad6ac,0.0000,0.0000,0.0000
55c95099-71f1-410a-b9d2-3cfb7015f008,0.0457,0.5300,0.4843
592f335b-5ec8-42b3-b260-0b3e97f2b6e7,0.0000,0.0000,0.0000
43487117-453f-4c47-b40b-9fb96c80876e,0.0000,0.0000,0.0000
651bb795-46ad-4b97-af44-e271dd2b586b,0.0002,0.3592,0.3590
1a8fb45d-82d6-4b5c-9db1-d88073553235,0.0159,0.3200,0.3041
45a00ace-f657-4215-9260-9d7db5b8f2e8,0.2781,10.1147,9.8365
e10ca573-1dbc-43f1-b97a-e1cd28bb24b0,0.0014,10.6700,10.6686
644d646b-25ff-4c46-8827-ff65bb3c2c26,0.0000,0.0000,0.0000
15c59add-ec95-4246-a31c-76bed735f663,0.0000,0.0000,0.0000
d3d2869f-a7b4-4772-97be-271017ab3bf4,0.0000,0.0000,0.0000
efac49ae-60a0-4b2d-881a-328c92657828,0.0000,24.0808,23.9838
e7d38a98-6568-4fa3-a9a7-b2ab10398646,0.0000,0.0000,0.0000
71c225ec-fed6-4809-8b98-9f8348b29aad,0.5731,2.0359,1.4628
bb730a54-110a-4c18-af57-4bb9c44ffe28,0.0000,0.0000,0.0000
fd2dee08-7247-4702-85b2-c21c8e5770db,0.1985,0.6200,0.1015
c9260d36-1c6d-4994-83a6-db7a3cf6c404,1.1536,8.8128,7.6588
ba4897e8-9c42-4af1-b525-c23db11b15c2,0.0000,0.0000,0.0000
ea10c11c-9a15-463f-9b93-a298c245a9a4,0.0000,0.0000,0.0000
5db90ad6-090c-4490-9442-85b18eeb19e1,0.0000,0.0000,0.0000
e7d073f8-bc1f-43de-b81a-2312dd3a5fc6,0.0000,0.0000,0.0000
e59aacba-7ea8-46a6-bf1a-faef45f2a3b1,0.0000,0.0000,0.0000
33ab73fd-6368-42ef-bcde-7ab6c3d03364,0.0000,0.0000,0.0000
1633f96a-72e7-4377-bec5-d81896327627,0.0000,0.0000,0.0000
2b9df701-3aa3-4f51-8c9b-dffa1696574d,0.0000,0.0000,0.0000
f28a1cdd-b1a7-4eee-bfcd-91404f14c6f0,0.0000,0.0000,0.0000
5160421e-e238-4ecf-b2c0-6417ed531e86,0.0905,6.4176,6.3270
0c814531-8286-490e-8989-576d48b42907,0.0000,0.0000,0.0000
fc206406-21a9-4164-a51b-c652f953c0e0,0.0000,0.0000,0.0000
be87eea8-8491-4386-be31-fb315c019bc4,0.0000,0.0000,0.0000
63410c70-de8e-4eef-9f9d-cbfdd899ba94,0.5000,0.5000,0.0000
c2212732-8f30-499d-86be-36b6946ceb90,0.0000,0.0000,0.0000
7eb3cf33-48b1-4405-95a8-60c9a41b1a75,0.0000,0.0000,0.0000
7d62d099-ecf9-4bef-b6b6-69c1faca59c3,0.0020,0.5300,0.5279
a7016fb9-e185-4c5b-8cd6-8eb90b5c7592,0.0037,0.3200,0.3163
3647cf87-a81b-4a8a-bfec-0bb96246fddc,0.1091,1.5500,1.4409
fa4db716-7f2d-4aa5-ba29-53ca30bfc8e6,0.0064,0.3100,0.3036
308928f7-a4ea-4946-b26a-6ce49dc55dd7,0.0000,0.0000,0.0000
a27bdbb1-0f0f-45e5-9dc2-f354d0876080,1.1976,1.1976,0.0000
48192d98-ea34-42da-869c-59796315586d,0.0000,0.0000,0.0000
6465bbc9-aeb2-49b2-8fd2-a218047a1cef,0.0000,0.0000,0.0000
45c0c133-617c-41c2-bb21-189de5a54ada,0.0000,0.0000,0.0000
f16093e7-1bcd-492d-a8ea-10d24264c27a,0.0000,0.0000,0.0000
b6554c45-e918-46ab-a2ea-433808948371,0.0000,0.0000,0.0000
5a348c80-e2a7-486b-853b-2dde925b6e28,0.0000,0.0000,0.0000
7422dbd0-e7ef-4685-8808-d3776789c81d,0.1976,1.1976,0.0000
710350e9-3b84-417e-b3e4-eff3a925e675,0.1976,1.1976,0.0000
98e8fa52-a3c0-42a8-a5ad-2f8f478e7a2a,0.0000,0.0000,0.0000
a639cf87-3041-4a36-be38-0bdc71b29f11,0.0000,0.0000,0.0000
1a505f28-f063-42ab-a1af-1ee643feaa52,0.0000,0.0000,0.0000
07f80225-374f-4643-b02f-0313f14ac168,0.0000,0.0000,0.0000
c7df6b73-4d2a-444b-9ebc-d3de83d650ad,0.0395,0.9188,0.8793
f1ed293c-48aa-47cb-8979-b82b8727405f,0.0000,0.0000,0.0000
7b960f41-809f-43c7-93c6-b903496bb02a,0.0000,0.0000,0.0000
b7a8f4f5-1d49-442e-88d1-cc56e4d25f02,0.0000,0.0000,0.0000
19b771ec-46d1-4521-b984-858a85e8a927,0.0000,0.0000,0.0000
797a6f4d-5d11-4dc6-abc2-8b3da96a2f1e,0.0000,0.0000,0.0000
65265e72-1aa9-4f5a-a698-cdd038035fa3,0.0000,0.0000,0.0000
5ff1f77f-75e4-4f90-b0e9-748964fc9722,0.0018,2.5555,2.5536
6273194b-cda5-40e5-99b6-b91dc737f670,0.1931,7.8874,6.5829
ec17d5f4-7862-4e3a-bbc1-f59332b26803,0.0227,1.0500,1.0272
b4921a45-926a-48a7-9b69-8dba1e3caa46,0.0000,0.0000,0.0000
bb0d7851-eb02-49ed-86ce-1189f3e65f03,1.0460,3.8500,2.8039
7cc216ff-0696-4375-a88c-e8d462c7f83c,0.0183,0.5988,0.5804
d826d00e-4d47-4315-91c0-fc72827440b8,0.0123,0.9600,0.9476
47dca98f-384a-40f5-a095-ea4e99301a2e,0.0099,3.5495,3.5395
e9fc96a4-dd40-4208-bc92-b6b3238b1824,0.0011,111.0170,12.9679
cf39859d-8eca-4e64-9cae-b7294cb498ca,0.1772,4.0352,3.8578
eec8be2b-2216-4bd0-8d03-caae3a7b0b68,0.0050,1.0500,1.0450
9d8997d3-19be-42c8-ba96-5b8e8de60f2e,0.0000,0.0000,0.0000
0bee0597-1de1-4ec4-9b03-edf2a0e43239,0.0000,0.0000,0.0000
dbe6da17-d9f4-4ede-9c8c-1fe4318a5374,0.0138,13.4590,11.6451
f6f5e3dd-7ca7-441c-b642-534336e33ef6,0.0196,11.0179,10.9982
0f30a86f-7f15-4ac9-beaf-acc569d882b1,0.6074,5.0058,4.3983
58ea8f2f-1ca7-4649-a5a4-7522b811e6ca,0.0446,2.1000,1.6553
325ab704-8139-4e80-9c5b-9bd3f9de0f3c,0.0037,6.0371,6.0333
a7884ac1-be84-446e-8924-f28eaae5ac66,0.0049,6.2754,6.2704
9059adb8-da9b-4d92-a965-425003795194,0.1943,0.5555,0.3612
97261c71-541d-4926-bb52-9b4428e14a2a,0.1343,0.3592,0.2248
b31c962b-e5ef-424d-b131-6ec9367d7dcd,0.0000,0.0000,0.0000
dc67a4cd-2a75-4f84-a346-55a16fe72148,0.0000,0.0000,0.0000
1ae2d9c9-f3a8-478f-8efe-b913dff31ce6,0.0000,0.0000,0.0000
71e5ab06-3c7c-4cd0-97c0-b9285119fd2d,0.7834,2.3952,1.6118
90096edc-acfb-4d0e-8205-708039f6aa3c,0.9341,1.1976,0.2635
fc24082d-ee78-4f26-8500-c352a34c87cd,0.0128,1.1976,0.5860
bd5a432a-1162-40e7-88da-b0cef790a5a1,0.0000,0.0000,0.0000
2079cd5c-7328-4990-87ac-1aca79cce76e,0.0000,0.0000,0.0000
67c8f7de-4bbc-472e-bf12-47f330c837b1,0.0000,0.0000,0.0000
e14280da-766b-4edb-a576-976824b344a8,0.0000,0.0000,0.0000
6515c04d-fa61-459c-abf9-446ac20ae7cc,0.0000,0.0000,0.0000
d0588057-dd8c-4565-8ba8-83e8e209cd84,0.0000,0.0000,0.0000
d5b047a7-ca1c-4be5-b85b-1c9b1fc649e4,0.0000,0.0000,0.0000
0821f5f4-fa8f-4b6d-a28c-5f4556996f0c,2.0490,4.7904,2.7414
009fd597-8a74-4e87-ad93-738c66a8618b,0.0000,0.0000,0.0000
bbec2a59-222c-4dac-bb28-8797da926320,1.0904,1.1976,0.1072
19b1f06b-d15e-4be6-b4e9-711e8c14dc18,78.4393,108.9820,30.5426
b0d4aa60-9efc-49e3-8b50-7c6af6311aa8,0.0000,0.0000,0.0000
f7559f2e-18d4-464b-9dd6-7a03a999c452,0.0012,0.8383,0.8370
da6a9c30-ec6c-452d-aff4-2ba32669137d,0.3185,0.4071,0.0886
5f3774e1-3a32-4cef-addb-7fde5157cfe2,0.0000,0.0000,0.0000
6c4d3b86-d0b2-41dc-a88b-30346e50f0b1,0.0000,0.0000,0.0000
c1001306-c376-41a9-bf0c-93bba1524359,0.2305,6.5504,6.3197
e3edd3d1-760c-43ea-853f-fc2ed33c0380,0.3601,0.5987,0.2386
f6010e15-6e1d-4fc8-975a-3853384910ed,0.0752,1.6666,1.5914
89e924e3-224a-419e-8675-0b63c1207e64,0.0000,0.0000,0.0000
542c13bb-311c-40ca-8484-16942aa5f1d3,0.0000,0.0000,0.0000
67c62182-3d44-4d55-a4fc-42da1e525794,0.0000,0.0000,0.0000
1fbac2a1-8af5-4864-8b7b-96536a4d2d01,0.0000,0.0000,0.0000
4c01e390-81f7-4886-8b7c-fabfb188a62b,0.0000,0.0000,0.0000
5cd272e8-f97d-48ad-83ae-e4dd9c344573,0.0000,0.0000,0.0000
96a0f339-0db8-4868-bf09-e48a1db6685a,0.0103,0.5988,0.5885
45cf21d1-32a0-4e4c-93db-706751416191,0.0089,0.5988,0.5899
45603831-6057-4b5c-9a0c-8e9ec1c49baa,0.0239,1.5568,1.5328
21b44f5e-3a8f-4e9a-bcfd-e5d8e6a829f9,0.1190,1.7964,1.6773
75895550-a7b0-471c-b023-882ef1fb9bd9,0.0953,1.1976,1.1023
10dbaa97-db06-47bf-8bf6-2e3306d9a4e5,0.0000,0.0000,0.0000
a6b41de3-5cd2-4b1a-8a9a-9bf83f93f603,0.0000,0.0000,0.0000
216ce07d-9478-4e32-9325-0d0052fce118,0.0574,0.7185,0.6611
43739d2d-4882-4bed-8071-bf2436eeae60,0.0003,2.1551,2.1546
5a1f00b7-b6e5-41b1-93da-fe4e2132d135,0.0004,0.4790,0.4786
982dd056-1b03-4d02-b3a7-a84eeb1dab1a,0.0000,0.0000,0.0000
0fcb8a01-3b7b-4b30-a6b1-9209cad2e35d,0.0000,0.1208,0.0000
9b9defb0-a672-4de0-9bd5-fd8f8b7e9991,0.0000,0.0000,0.0000
d0815154-6f88-4e99-ade2-edcc51d6dd41,0.4116,1.7099,1.2982
d5d7fd1f-05e9-47b8-8b13-89429d3f10ec,0.0000,0.0000,0.0000
b823d012-ddfd-4e5f-a087-604ff4fa74bd,0.0000,0.0000,0.0000
f2acb889-f1a9-45c5-bd65-6d6169733bcc,0.0000,0.0000,0.0000
19040a1b-0c89-4feb-83ca-a055aa7d87e2,1.1545,1.1976,0.0431
d31036da-2182-4e99-8a59-5b89bcacf79c,0.0001,0.8382,0.8381
d1fa93d6-2aa9-4f76-8643-6c15c7a08906,0.1183,0.4790,0.3606
836f6c81-3eb4-49fa-baf7-df2f4d4e3e1c,0.0000,0.0000,0.0000
52401eeb-432b-42b2-a62a-7163b72d049f,0.2857,29.4967,17.2349
dbbf5b18-aa64-4d17-a8db-d0aa1ffb73fb,0.0000,0.0000,0.0000
b5888483-068a-44fe-949a-b35ff744aa17,2.5637,42.2486,39.6848
6a26d4b7-7ffe-43ea-944b-cf71faf014a3,0.0070,17.6047,17.5977
34b6ac33-19fe-430c-bec0-3f35e2b94a8b,1.0888,23.5467,21.2579
7439450d-dc45-46a6-8b0a-07209531c739,0.0088,0.2395,0.2307
b60b2a2e-6fb3-4fde-a00b-4560728114ad,0.2010,31.5201,31.3189
6871d398-297a-4deb-948e-ea6b6dfce58f,0.0000,0.0000,0.0000
9662b681-e95b-4cfb-9c8f-521b68faec32,0.0000,2.0118,1.0060
98bb6b3b-7270-495d-adf1-cf083a5fdff1,0.0069,5.2333,5.2264
1b6171b8-935a-4b56-9bc1-35c2bb63d382,0.0000,0.0000,0.0000
e4825bfd-180b-42f7-9d29-cd1ac2ce0e6c,0.0000,0.0000,0.0000
8d60050f-fcfb-4150-8531-808c3fdca4fa,0.1241,1.1159,0.9918
f8cf30a5-dfb5-491e-bddc-f3679cd6c174,0.1795,10.7784,10.5988
55d1fea6-0cd1-4885-8f22-81e4ddb7213c,1.1111,1.1111,0.0000
ed1ec9ab-5838-44c4-9d96-3699b00052a3,0.0000,0.0000,0.0000
ee2d3ea4-5ee7-42f5-b3bf-e880bdc6e2a5,0.0000,0.0000,0.0000
c6c4d863-44c3-424c-bf78-d5f9e6df3944,2.1844,3.3765,1.1920
00a8fb17-ab84-44ac-b230-bfc5bce5589b,0.2034,11.7656,11.5621
6cc8e6d1-3583-4983-8ff8-58c08da6b60a,0.0000,0.0000,0.0000
00e84ddf-7189-436b-a81c-07542c3ad736,0.1243,0.5988,0.4745
d821a60f-9796-4134-bd0f-67519668cf2d,0.0264,2.9940,2.9675
b00e38a0-23c1-4bce-88f8-8dbd216b1397,0.0448,4.7784,4.7335
6d645074-db6a-4446-9a24-8a648d997c94,0.4518,2.3952,1.9433
1446aa06-f15e-42e1-aff4-29f44cab0d28,10.7209,114.4575,103.7365
0efa63fb-b1a6-48b1-9018-b6cb7da3657a,0.0021,2.4716,2.4694
a6535aaf-df88-4d8f-8072-d323f75a0c1e,0.0000,0.0000,0.0000
fb06a422-df5a-4e73-a9dd-aac35d6b1f02,0.0000,0.0000,0.0000
1195b5cd-4d05-4467-ae32-12e662e2b690,0.0000,0.0000,0.0000
28256c77-cd19-4df1-bb5a-bb5a0dc8ece0,0.0000,0.0000,0.0000
586ead90-c7fb-4bba-bcd4-909a194fbf1b,0.0000,0.0000,0.0000
83e231dd-2d2d-46b5-9698-430f7e2bb1fb,0.0000,0.0000,0.0000
025ff42d-3795-4ad5-a5fe-a954985fc8d6,0.3529,5.7283,5.3753
4585b44c-15b5-4a7e-bc8c-690578995089,0.0000,0.0000,0.0000
22b20ffd-7081-4d4c-8d91-5d81c832b49a,0.0000,0.0000,0.0000
2a62d7e9-9165-422c-ac1d-12576e02e9bc,0.0402,4.1916,4.1513
d0b8a8bf-7e5c-4fe7-9c0b-50b2123a32e0,0.1622,0.4790,0.3167
2c278a30-e947-44b5-900b-aadec303162b,0.0000,0.0000,0.0000
ec3440f5-64bf-4aa7-bebf-f990da4140dc,0.0000,0.0000,0.0000
0467f685-5c3d-4d14-aad1-685e0144e9a8,0.0000,0.0000,0.0000
496aa42a-3186-4d6a-8985-fff77949f855,0.0000,0.0000,0.0000
71152a9f-2a16-4394-a0d5-77e0f4b305a8,0.0000,0.0000,0.0000
1f333a0b-fff0-451e-8aaa-e3acf26272b2,0.0000,0.0000,0.0000
23853315-bea1-4fb5-8e42-ecc958af423a,0.0000,0.0000,0.0000
10648a1c-5f43-4991-ba24-5c024cc921e0,0.0000,0.0000,0.0000
ae0c86b2-836d-4d43-b5b9-2c2efae51873,0.0000,0.0000,0.0000
a8350e7a-363b-439e-948c-72adbc248110,0.0000,0.0000,0.0000
7c68fef6-6aca-48ee-ab6a-6d3a9d61ed1d,0.0000,0.0000,0.0000
1ef6c0cc-9389-43fc-a406-93cdb246d3a9,0.1724,5.2860,5.1136
c126e1d0-307e-4e88-902d-b7f56e333fa5,0.0811,1.4443,1.3632
db42c1da-7e6d-4518-ad12-ad5113f3e2bf,0.0663,0.5988,0.5325
b9eaedd9-d0d4-4dc5-b6a5-8ff4de77da12,0.0312,4.7904,4.7591
39475cc7-c6ad-4476-92bc-a340f27bb9e5,0.0000,0.0000,0.0000
de1ae842-987c-4980-b1be-e53a3326b7c0,0.0016,1.0537,1.0521
5ee62ba8-205d-4366-b2ef-19ec20b5bd3b,0.0000,0.0000,0.0000
0c9bdc0a-38d7-47d2-98b3-6550da6421e7,0.0000,0.0000,0.0000
32e0e760-01f6-450a-849d-6e4db30a696f,0.0534,25.4420,24.3884
f0f912b9-35ce-4b97-8345-1bdca3fdb2e4,0.0111,0.5988,0.5876
842ec504-162e-4282-8718-f35b0d034570,0.0000,0.0000,0.0000
1cbc0f0d-1c57-4fbc-b3fe-b59433cb836f,0.0000,0.0000,0.0000
71708a2b-ed03-4793-ab03-69133a02bd21,0.0000,0.0000,0.0000
02ba66b9-c037-406b-92fd-916dd12a7d5d,0.0000,0.0000,0.0000
1297b13e-6263-4a4c-b208-8705b4b6cc60,1.0057,1.3333,0.3276
6058ad2f-b15a-4479-bc98-20043327927a,0.0000,0.0000,0.0000
fd58f49b-0227-4780-a9c4-5f19ca0cc463,0.0000,0.0000,0.0000
7861af71-83f5-4c12-968d-83cb701e159c,0.0000,0.0000,0.0000
6b690f81-7ac5-4d40-9dca-5c2d8eaa53e4,0.0000,0.0000,0.0000
1df2212a-0bfc-4032-8b47-26a52d6e5c59,0.0000,0.0000,0.0000
0f3503fd-f53b-4588-a8b5-b9c307570549,0.0000,0.0000,0.0000
cb1ef1f7-d043-4316-8b94-53c1ec8e38c2,0.0000,0.0000,0.0000
987fd1c7-7814-41dc-898d-788f0003e403,0.0000,0.0000,0.0000
94dd3f06-3cf9-4e7d-946c-34830febc390,0.0863,0.2394,0.1530
64efad43-8cfb-4649-9e72-4c29bf29ced6,0.0000,0.0000,0.0000
f64e2bce-6eef-4813-b05d-38fba921ba5c,0.0000,0.0000,0.0000
a9ae5b2e-5a41-4c49-b4c1-faaadccc8b34,0.0000,0.0000,0.0000
6bd83969-4690-4ff3-b190-366cbfd78354,0.0000,0.0000,0.0000
cd836952-2d2d-4c1a-b9fb-040a8fc9349e,0.4991,1.1976,0.6984
dac3e53e-cd9e-4c0d-a84c-c3f77751e09f,0.0484,0.5988,0.5503
245c73f8-57d9-456a-aeda-102050ccb404,0.0000,0.0000,0.0000
661151d4-b144-41a5-b532-c8dd280409cd,0.0000,0.0000,0.0000
798e6ef6-033e-4d49-a2e6-785d1ac908ad,0.0003,1.7098,1.7095
1432c21a-ee65-4acb-98e8-bfc85e5443a9,0.2110,0.5988,0.3877
12ee7824-b74f-4c3e-bcca-e90b20eb7a3d,0.0094,2.3087,2.2992
5313fbc2-6c62-4b95-91d8-cd999e9e2272,0.0000,0.0000,0.0000
4a1074bb-c3a3-4aec-aadd-efe431949628,0.0000,0.0000,0.0000
3d7e2cac-72fb-4f47-84bf-09081c7ae879,0.0000,0.0000,0.0000
83e9c492-4a7a-4928-b8a6-794358ca58cf,0.0025,5.5555,5.5530
eb0a61c0-d4c6-41a2-b261-e7962381ba3b,0.0000,0.0000,0.0000
ee895d06-3bf8-4af9-8e2a-a86941a7a77e,0.0000,0.0000,0.0000
d429a8e4-ac42-44fd-9792-aae76822ab72,0.0000,0.0000,0.0000
f4d3aa87-8603-4905-9953-4516db342a70,0.0180,2.9940,2.9759
4ecdb8e8-26b2-43d9-984b-3310bca7b7b1,0.0000,0.0000,0.0000
b45b10f2-5a26-4443-acac-fe13e37b46cb,0.5457,1.1543,0.6086
52210619-f201-4dbf-8302-578be20fcae6,0.0402,3.2334,3.1931
369a6dfe-5bd2-4b1f-a426-223329afe8e8,0.0196,13.6859,12.4686
a66cfe9e-8071-422e-a3cd-e7094a3c58b8,0.0359,0.4909,0.4550
311bcedf-963d-4f30-a1f1-f1c15087a5b1,0.0049,12.6605,12.6556
3008136d-b1d0-4163-871d-877b967cd9a3,0.0000,0.5988,0.5988
16ee2514-534a-48d3-8be2-9cdc141a6877,0.0096,2.5389,2.5293
92892651-ef20-416e-be98-62ccea028d31,0.5002,5.4395,4.4950
3cbc8d68-5a4e-4916-94e0-93617a3c4df1,0.0416,1.1976,1.1559
edadfbdc-8c47-4b1a-9989-879495300236,0.0006,2.7010,2.7004
b0e326aa-1cb5-4d7e-8a0a-1d8ae3c93497,0.0016,0.1796,0.1780
b9762efa-d906-4ac1-83b9-759f88f8f719,0.0163,1.1666,1.1503
cd7c7667-0b15-4ebd-9f26-c8b4729d837e,0.0297,38.3898,38.3601
00a0dca5-3c60-412a-a535-dcdf7bad3773,0.0105,1.1110,1.1005
879c087c-5033-47ee-967e-2c7e0e34b9cb,0.9454,1.1111,0.1657
2b47853b-828b-4d3a-a4d1-8c26f9fe40f2,0.5570,31.6364,31.0793
44db1a5a-dc94-43c2-8174-d937b546c128,0.0000,0.0000,0.0000
0bea4806-05ed-4a23-9d2a-da1e3df66240,0.0000,0.0000,0.0000
26a66e5f-bd64-4fe1-9a80-a3b7c568b4cc,0.1010,39.0343,38.9333
2b60573b-2aa7-4165-8e29-dc7342167ca2,0.0000,0.0000,0.0000
402e1859-2c31-4364-b64b-b7bab8cf10b8,0.0636,1.1543,1.0907
269bc173-deb5-4d4a-b726-18d16e8f8843,0.0000,0.0000,0.0000
c92db38f-7534-471e-be95-973a54c8722c,0.0000,0.0000,0.0000
12635ec2-6dd7-4b56-b672-ad58ed6925b2,0.0000,0.0000,0.0000
3b41a55e-8219-4901-a3a3-4d1f1633bf51,0.0010,1.1976,1.1966
d4bc1904-a6c3-4890-9c7c-0947f7c33a4e,0.0000,0.0000,0.0000
60e6f4ea-d19e-4705-a425-3562b468e8f5,0.0000,0.0000,0.0000
a204f3ff-f059-4102-a2e2-6a2e070807d6,0.0000,0.0000,0.0000
6911cd73-6a7e-4553-8cbc-4d982febcdd7,0.0000,0.0000,0.0000
0ef91275-f145-438a-9ce0-fa36b07e17af,0.0000,0.0000,0.0000
8eedb671-ba38-428f-9f61-db3df001ed41,0.0000,0.0000,0.0000
dcb018b5-7fcb-4365-bb39-29843065aa22,0.0000,0.0000,0.0000
9c351b43-3706-4927-8fe4-af7d8631ffdb,0.6240,0.8144,0.1904
8d666a2b-cc89-4c62-8079-7cc65f59a9b6,0.0000,0.0000,0.0000
7c5b8ae4-cc8e-47e7-9c67-733435bedac1,0.1816,4.0552,3.8736
e40ffc4c-dd67-4d2f-a55d-0da30e72fe1c,0.0000,0.0000,0.0000
cf633f6f-586d-487d-8680-a2cb0ba9605d,0.0000,0.0000,0.0000
406848ae-9e52-46dd-b055-f4ddae800ab4,0.0000,0.0000,0.0000
3119d556-718b-455a-bf4f-913469110d81,0.0000,0.0000,0.0000
275f4996-3a6a-406f-a1d4-7ea1ab3e07c0,0.5113,0.5988,0.0875
6947b587-0589-4cc4-9c82-044645950bfd,0.0000,0.0000,0.0000
074c0c46-5b60-4930-96fb-205fd4f77c7a,0.0000,0.0000,0.0000
4681b094-8547-4739-93af-0e6342f05b4f,0.0048,1.1976,1.1928
564640a7-0ec9-4b1d-8e72-2e734e175ae5,0.0000,0.0000,0.0000
9d446196-9de8-4846-bf01-e6ce3a83fe87,0.0000,0.0000,0.0000
59b0dbc6-03e5-40fc-84f5-a48ea128f601,0.0000,0.0000,0.0000
366c38ce-3fdc-4865-8cb6-dd51aa723060,0.0000,0.0000,0.0000
48244c45-c68b-42b1-bba0-99706f1fcda9,0.0000,0.0000,0.0000
a7fcdc91-f4a6-497c-ac97-c02b9405653b,0.0000,0.0000,0.0000
b037954c-109a-40d9-a6f0-5ee6135df980,0.0001,45.6619,44.4640
d51b7367-bb0d-4116-9e23-8216193d301b,0.0000,0.0000,0.0000
0a2efe8d-15f4-4324-bfbf-70ecb265fab8,0.0000,0.0000,0.0000
0a41b206-5195-4b68-ae6d-8776201ccebc,0.0000,0.0000,0.0000
1f4cd664-7f07-4777-8f04-bb23f4651aea,0.0000,0.0000,0.0000
2dd14d18-7f57-4616-acdc-b9dafc804d0a,0.0000,0.0000,0.0000
cfe44a02-0470-4520-a110-2c62b366dbcb,0.0000,0.0000,0.0000
1a36adf6-96b2-434e-8ad8-82f8efec30a4,0.0000,0.0000,0.0000
45ce87e5-6e26-4cf5-a55d-5580e1d1da7b,0.0000,0.0000,0.0000
290f4639-094e-4fe1-863d-f37f6f25e193,0.0000,0.0000,0.0000
bb9dec53-a477-42e5-a44b-4c6f5848e637,0.0000,0.0000,0.0000
f8486483-587c-4ada-9bce-6a77f316114d,0.0000,0.0000,0.0000
6e971cd8-13d0-44b6-b59e-ae3de418d0c9,0.0000,0.0000,0.0000
3a079509-11c0-4443-befb-746902523c52,0.0000,1.6666,1.6666
fa7ce52c-fd74-44ca-b8fd-b37a6b1d788e,0.0000,0.0000,0.0000
3b8a7f03-1e3d-4f66-b8ab-cbda51338d71,0.0000,0.0000,0.0000
a670d979-f205-417b-a036-afd2608a1619,0.0000,0.0000,0.0000
030ec162-2ed3-4473-b7f5-8d515a3e93f0,0.0003,0.7185,0.7182
7c5adf65-5903-41e3-87f5-49cf885c6b2a,0.0000,0.0000,0.0000
b4f197ce-f84e-471b-89a7-f510e629e24d,0.0232,2.8642,2.8410
0544f536-cc17-4646-b9b4-4f37a3703076,0.1143,0.6586,0.5443
0b9e27a2-f6a6-4c06-bd59-e1af34f3a602,0.0000,0.0000,0.0000
861c2fb7-09ba-4276-a94a-befa2d392a0d,0.0000,0.0000,0.0000
9940eb83-1b20-4697-8a27-78d179d7d7b0,0.0247,1.7099,1.6852
48deb6a9-08f0-45ab-bc09-08f8332a1eab,0.0002,1.3171,1.3169
81d7c380-f83d-4be0-b364-6a6bd8fe083f,0.0000,0.0000,0.0000
526d2f57-fda3-4c41-9172-3228d7e0f0db,0.0000,0.0000,0.0000
acf3511b-151f-4147-b99f-fd89e5d4b2d9,1.1976,1.1976,0.0000
6dc71862-11aa-48e7-a583-611567fbd262,0.4791,0.5988,0.0000
51b83458-90f4-40df-b39e-ecebf3934daa,0.0000,0.0000,0.0000
a85fb9be-5a95-4d3f-a9e2-f6382f834bc1,0.0000,0.0000,0.0000
241f4090-554d-49bd-8edd-0d3cd2ed614f,0.0000,0.0000,0.0000
eb1e4aad-6097-48fa-be58-3e29a79cd3dd,0.2953,2.3952,2.0999
788b3228-fa92-408d-9a4d-15a35417c87e,0.0048,2.3952,2.3904
0b56435b-04b0-42c9-bc30-285634d0d744,0.0105,1.1976,1.1871
73dbbd3a-5397-499c-895e-b6116e290ab0,0.0130,1.7098,1.6968
2798d41c-a801-42a8-bc08-8148993df532,0.5650,3.1797,2.6149
9bf5418f-938f-4f8b-b53b-473eab7eb5a7,0.0004,2.3950,2.3946
4e88ec07-7c60-4afb-8777-9efcae249c98,0.0000,0.0000,0.0000
66490ca0-ec0b-4b57-8906-30026c2b3eec,0.0000,0.0000,0.0000
71905a84-1222-40dd-a662-37c9d15cd3a7,0.0000,0.0000,0.0000
043b86c3-6849-4513-b9c0-440c10f086b1,0.0000,0.0000,0.0000
d2b28dc4-f207-4b9f-b97e-dd2292f0d7a2,0.0000,0.0000,0.0000
7a2b4908-a7c0-4039-a204-ca144b07511e,0.0015,1.1976,1.1961
ac7b6415-59ec-4b0d-9868-917acacb21ed,0.0157,5.9880,5.9723
f64925f1-d792-4264-8fcb-1befad99e520,0.5305,0.5988,0.0683
53225f2d-2b15-4b66-bda2-1af7b616b4f0,0.0006,1.6931,1.6924
72012f10-11a1-4f17-8e6c-de0cbbc4d0a6,0.9182,1.1976,0.2794
d3415e5a-9bc1-495b-a398-80ac8189934c,0.5169,1.3505,0.8336
63dab16a-2f38-4628-8671-7500d6957b71,0.9586,1.1111,0.1525
0aa1d061-8a82-4b1a-8177-3aa39f62bb36,0.3375,0.5555,0.2180
74c3595d-2bc8-4a7a-8880-fbcb612985a1,0.3811,0.5988,0.2177
708b99c0-b5da-4aa3-93ef-246759b68f9b,0.0000,0.0000,0.0000
8c892cc0-5ba0-48c9-a5ea-77085038fe33,0.0000,0.0000,0.0000
aff7c17c-4dc6-480b-8030-0da0629cfef3,0.0000,0.0000,0.0000
27b57efc-9455-4645-90b4-69877c68d1a8,0.0000,0.0000,0.0000
cdf3f385-f0fc-46bc-b75b-8d18dda2c6d7,0.1788,2.2654,2.0866
f17bf777-f4ee-4f3f-a33f-9f1e52afdac0,0.0010,1.1976,1.1966
9d7eca24-a5d6-4dc7-9eef-85d483a9c460,0.0000,0.0000,0.0000
a6533480-5d4b-4950-b2fb-ed7e3f44e2ee,0.0000,0.0000,0.0000
17e47689-1a3a-453d-b445-a96776fa2d31,0.0000,0.0000,0.0000
536a6052-2290-4a0b-b545-149dd1269be7,0.0000,0.0000,0.0000
e442efad-90ee-426a-b896-31cc9a3d649d,0.0000,0.0000,0.0000
881f5cf5-6b24-48e7-84ce-438738a80125,0.0000,0.0000,0.0000
cef347bf-272f-4cfa-82ed-0e1feb9ebd43,0.0000,0.0000,0.0000
2a060eb0-9974-4438-92fc-1befcb4a6073,0.0000,0.0000,0.0000
8dcc4df8-be93-4695-b495-e0b75f638649,0.2549,0.5988,0.3439
88d2d124-18b8-4c59-8ccd-61878904f89d,0.0000,0.0000,0.0000
3b555f6f-c386-4024-893d-3635ec074b96,0.0080,3.6700,3.6619
ce1ed171-476b-4208-811e-c6d9bc59e689,0.0000,0.0000,0.0000
7c18c514-de14-4785-91a5-a5f87b6bd340,0.5471,0.5988,0.0517
beb79cd5-1ae3-48dd-b3ea-21c595dc367f,0.0223,0.5988,0.5765
f80a6cef-cd8b-4cea-aa64-df3d8bf15e7e,0.0000,0.0000,0.0000
ff145537-49bf-4db3-899e-9129c5246df6,0.0000,0.0000,0.0000
937a752a-462e-4b2c-8b43-312349b99b05,0.0000,0.0000,0.0000
f088b6da-cffc-4d5f-97f1-9381ba4b6b46,0.0000,0.0000,0.0000
d87476f3-01ed-4a4f-993c-89ba670729dd,0.1090,1.1976,1.0886
ef034ab2-4e24-45b8-bdaf-8f4f9c063fa4,0.0870,0.9580,0.8710
b2b9eb00-1b92-4c69-be0e-feb35b2dbe03,0.0047,0.5988,0.5941
55757a47-359e-40b5-8f24-614641ea9d3b,0.0012,1.0898,1.0886
f9269ada-3a10-47d0-b331-abc4d1d78b62,0.0000,0.0000,0.0000
1bcc69dd-d0c1-4310-820d-572e3f8e04fe,0.0371,1.1976,1.1605
3c9d0814-9b9a-4416-8a18-f607984cf7d3,0.0544,0.5988,0.5444
4ebc9108-c613-4036-b0fa-caa86f710e83,0.0000,0.0000,0.0000
ecb30f22-c111-4ece-a8ad-79b8e2454ca8,0.0000,0.0000,0.0000
a3cc6aef-b87e-4475-8fc8-3513da236b68,0.0000,0.0000,0.0000
6d2d519d-1aa6-4b73-8e38-27d24197f160,0.0000,0.0000,0.0000
e30ab0d4-c807-406e-8846-a447385a04ad,0.0000,0.0000,0.0000
d2e98500-49f5-4777-9f92-3f2727ebe0ba,0.0000,0.0000,0.0000
ceff6a4a-5017-4d15-92e3-160f20c500f1,0.0000,0.0000,0.0000
d8e9604c-3f21-4ccc-9e26-57d905f97beb,0.2726,3.5063,3.2337
770029c7-fce4-4476-8043-3a30d1ab0c0d,0.0000,0.0000,0.0000
de70434e-24cb-4f81-b68e-6a901d9589bd,0.0000,0.0000,0.0000
27f167b8-4a5b-4037-a716-bad21e6894d1,0.0000,0.0000,0.0000
79749067-3112-4dac-a2bb-5a5b3a90d1c2,0.0014,0.5555,0.5541
829b80d9-ad11-48c1-9dcb-b7167ceecb3d,0.0000,0.0000,0.0000
a1f195a6-5f4c-49b4-8000-6761cbbd14fe,0.0000,2.2653,2.2653
34082294-2a8c-486d-b76f-2a39c9f41f89,0.0000,0.0000,0.0000
f4b2dfc9-577f-4976-8e71-eb7f3971c895,0.0000,0.0000,0.0000
3243bd47-3e1a-4a42-afd3-afe20e23f097,0.0057,0.5555,0.5498
0621866b-6024-4444-986c-9cb84e936dbe,0.0000,0.0000,0.0000
06749628-5238-4c23-afd5-37dae5f67ea1,0.0000,0.0000,0.0000
615d4e48-37c6-4038-a67d-21a025c71cb4,0.4768,3.3333,2.8565
56d2407f-77b0-442a-92bc-be4914ba3d72,0.3288,0.5988,0.2700
0e504a00-73cd-401b-aad8-2dc066721550,0.0025,5.7717,5.7692
3db7e9b6-6370-4dc3-90cc-797911520401,0.0009,0.2395,0.2386
ce5395bb-be04-4ce4-8fcb-fbf9f6d87b09,0.0000,0.0000,0.0000
57f3c39a-4319-4d3b-a21b-a213e431e175,0.0000,0.0000,0.0000
4fdb0a59-eee1-4617-8641-685f25d957c3,0.0000,0.0000,0.0000
9c901b5f-6478-43b3-846a-5848e1f2d96c,0.0000,0.0000,0.0000
866b3055-f343-465c-9bba-7748f59af00e,0.0028,1.7964,1.7936
fe790516-2367-46b4-9d3a-31f44aacc107,0.0000,0.0000,0.0000
ce7dad37-f8af-44db-bfb7-3efcbeed8d9a,0.0000,0.0000,0.0000
8047aa0c-9e4b-4979-94fd-2ddbdc933ddf,0.0000,0.0000,0.0000
0ffa225c-a19f-47df-9f7e-17402bf2ad42,0.0000,0.0000,0.0000
3910f3ca-7f8c-4676-b239-e888b2e247cf,0.0520,15.8823,15.8303
feedab90-a22d-411e-b24a-ff89dcbd57a3,0.0000,0.0000,0.0000
37450dd0-51e5-4d19-9253-88764c5f413d,0.0000,0.0000,0.0000
0d2355ee-23b1-4224-8edb-6f9bd01b07b6,0.1345,0.5988,0.4643
8f8481d8-5177-43da-9e0a-e278c5cb434e,0.0011,1.7099,1.7088
74f46d8c-4e6b-43cc-822e-bb9de66b3340,0.0940,6.2837,6.1897
6bbabcf1-29c7-4a57-9db5-513d09bf7103,0.7185,1.1976,0.4791
402f3706-c0ab-452d-925e-0a20282c82c6,0.0604,1.7964,1.7360
54ac93b1-5764-4d2f-80b7-fdb50ada2639,0.5068,2.3952,1.8884
fe0cf197-a413-43b8-88d9-ed847a9b4f84,0.0000,0.0000,0.0000
1baab66d-8775-4528-a26b-26ff197afd77,0.0000,0.0000,0.0000
c9b026c4-37b8-4390-be3d-0a30817e90be,0.0157,0.5988,0.5831
a4853d68-5f3f-49a1-85cf-8611bd74fd88,0.0604,0.5988,0.5384
8d62efcc-2b3e-4e5a-bd05-0b8c2932fa3b,0.0776,6.7531,6.6755
584f45d9-4e14-4486-a939-a2778f0b0cb4,0.0544,0.5988,0.5444
fe37b63a-702f-43c3-9a0d-4515b5c51a66,0.1201,0.5555,0.4354
e9e9a3c9-76ee-4296-be9b-5c328c0c7c1a,0.4793,1.1543,0.6750
2403f7b0-f28f-46db-9380-0df5238c1bf6,0.0802,2.2653,2.1851
ee36b795-9209-480e-b22e-2140143c8c90,0.7250,2.2222,1.4972
8d2eff4c-6028-4ede-999b-9c817a1083cf,0.0092,1.1111,1.1019
b39591ad-48d6-419c-8bf3-6154e09a58c3,0.0000,0.0000,0.0000
1d43b13c-50b1-4e55-9687-38978a55d04b,0.0000,0.0000,0.0000
3e51950b-1b44-4bc8-942c-bea70cf608e0,0.0168,0.5988,0.5820
03d5d974-8059-47c6-ae65-3f596ed982fd,0.0000,0.0000,0.0000
c61a390c-21e1-4dc0-84a7-a6a94dfc3624,0.0000,0.0000,0.0000
5ede52e2-0fa4-4886-bf81-725e36fbf8e4,0.0000,0.0000,0.0000
70233279-46b5-4ab1-ba80-1efa460e2a01,0.0000,0.0000,0.0000
f26a787b-4f42-4ac8-bbcf-e0aa508bee0a,0.0000,0.0000,0.0000
a9a18494-8451-4f0e-823d-cb99e8dc87df,0.0000,0.0000,0.0000
8e2f70a6-c266-414e-bc71-05befbfe3592,0.0000,0.0000,0.0000
81941a99-3ea7-487f-a6ae-deb50365f5dc,0.0000,0.0000,0.0000
69dd570b-76ae-4131-a3f0-3fce46c5ab1b,0.0000,0.0000,0.0000
0e968f0e-c148-4227-9fbb-83817d38f484,0.0000,0.0000,0.0000
18ec5384-ba77-45ae-b0d5-37e793b67c68,0.0000,0.0000,0.0000
cca914f0-debb-4141-ba6c-e91366c1c90b,0.0000,0.0000,0.0000
732d6c4b-318f-4efd-ae84-ba6f595948cf,0.0000,0.0000,0.0000
55aea937-b3e3-45b3-89a1-a766535c0f1c,0.0000,0.0000,0.0000
45d1cdf2-8e6b-482d-84a4-32034909f011,0.0000,0.0000,0.0000
fe72c144-2753-49ce-b4e1-3e79b6c777d8,0.0000,0.0000,0.0000
598ef11e-cbd5-42f1-9008-2ba5178e79f5,0.0000,0.0000,0.0000
6beb89ce-d59f-4d11-9e1f-7bdd317327e7,0.1993,3.3333,3.1340
a6ddeafc-526e-413f-a961-5503fb9310a4,0.0000,0.0000,0.0000
aa8f2636-6533-488f-8046-2f5fa89b0667,0.2548,1.1110,0.8562
c3f2dac0-3a16-4e39-84d6-2133579ee648,0.0000,0.0000,0.0000
a3a83dc6-ffdd-40ed-a9bf-74cb362de1b1,0.2239,1.1976,0.9737
28ce2c6e-da00-4a08-a532-03dd9d913e68,0.0000,0.0000,0.0000
126c8bf3-5d92-41f3-aeb2-8d8c25b260da,0.0000,0.0000,0.0000
47f9557e-a4dc-41b3-9319-684392ef83d8,0.0000,0.0000,0.0000
bf6d1f4d-bfc6-4eb3-b775-2655c1903053,0.0000,0.0000,0.0000
24f1b167-29df-4c23-b070-5dfe75191224,0.2721,0.5988,0.3267
aba997cf-6a25-4d03-81f9-9995affb2cb7,0.0049,0.5988,0.5939
707d537d-2fb4-4f7a-a0b2-25c64f7a6cd9,0.0000,0.0000,0.0000
979b0733-a7c8-470e-9fe5-a9fff060b155,0.0000,0.0000,0.0000
5323fbc2-e2c4-4af1-acce-77c98c4eedc7,0.0000,0.0000,0.0000
0c1b4f84-5902-40a6-afa6-ff37b410b134,0.0000,0.0000,0.0000
ac29f27c-dd21-4f39-b537-781c434db77d,0.0000,0.0000,0.0000
cfe1dfb2-6d3d-496a-af15-67b78e348f7d,0.0000,0.0000,0.0000
3a808ef2-cb60-4cef-9c27-afba2d674b7e,0.0437,1.1976,1.1539
e2d2fdc5-d5c3-4dfa-813d-1d3d0c6c78bd,0.0479,0.5988,0.5509
56afb21f-74a3-424d-87eb-16edd91d90d0,0.0000,0.0000,0.0000
9f4244f9-1762-41c6-9aad-e6e974ae2096,0.0142,5.4442,5.4300
47afb33c-0557-467c-a225-9c97307019ea,0.0000,0.0000,0.0000
a22294eb-51c3-4b5b-85d2-d00e5e203d66,0.0000,0.0000,0.0000
9a5de405-1774-444f-9924-527e8c6c12dc,0.0000,0.0000,0.0000
4bd87742-1001-4cc3-a76e-27b6de6251bb,0.0000,0.0000,0.0000
7092e0c3-43fa-4426-8cb6-4fdff44fe18e,0.0000,0.0000,0.0000
e43c51ff-2bd9-43b1-b5a4-2ab54c0fd871,0.0000,0.0000,0.0000
4b7324ba-a456-4eb8-b12e-7ad5b8cb083a,0.0000,0.0000,0.0000
670ab6a0-2a24-45f8-b4b6-2774ecab925b,0.1570,1.1543,0.9973
c728ac8d-1846-4c82-ab7b-58c3f634c427,0.0000,0.0000,0.0000
c7b349e1-c585-43ed-bbbd-ca942c815964,0.0000,0.0000,0.0000
bd09743b-79c2-48f2-bc29-c59530931f39,0.0000,0.0000,0.0000
bb5183d0-ec63-4049-96d4-f157c87aaec9,0.0000,0.0000,0.0000
a9cee752-bc78-4a6f-952e-dfd01eeda783,0.0478,2.7776,2.7298
c9ed0e79-28c6-4a3d-a756-87d5e1a72e55,0.7665,25.7466,21.2023
bfd671a1-7330-4b11-9877-99001c683116,0.0000,0.0000,0.0000
0fed5589-0afd-41e2-8338-f316e9de4b3e,0.0000,0.0000,0.0000
1a3710a6-7d23-4389-b656-30a9325330ca,0.0000,0.0000,0.0000
4b79e721-d0ac-4690-8725-ce438d597a70,0.0000,0.0000,0.0000
0e73e1d3-e931-4e99-8847-fdac9944d1dd,0.0000,0.0000,0.0000
26553090-9c5d-4e67-a027-53f0e5b9131c,0.0000,0.0000,0.0000
ad097d71-8fd3-4be9-b09f-5dd5f9a560ad,0.0072,2.2222,2.2150
55d930a2-136d-4d7b-9bc9-6f10e2743499,0.0000,0.0000,0.0000
d8e6d7ad-7320-44a3-8bdc-eab3cc925c1f,0.0203,1.1111,1.0908
dfb3c491-2829-4867-8dd6-45d6501c2248,0.0000,0.0000,0.0000
385b7981-fbbe-433d-bd87-65b7f94e5827,2.2283,12.9505,10.7222
89905f67-5701-41b8-a7e4-c5468f8ab20f,0.0000,0.0000,0.0000
6722e055-feea-4303-9e7d-0b61d351f2c5,0.0000,0.0000,0.0000
74e5e554-94db-489d-b995-7a15a9fd5221,0.0000,0.0000,0.0000
eaa56405-dc34-496f-a87e-6da9b0e2e796,0.0000,0.0000,0.0000
9ce2cf10-975d-4c88-80c8-13d6095b9684,0.0000,0.0000,0.0000
b6967086-0f3e-4df1-9b4b-ec18e88a9c94,0.4792,6.2405,5.7613
dca37aa4-c41b-4c4a-b943-e10481546962,0.0178,1.1110,1.0932
1eb4f44b-ca2e-447f-a52d-28326efe37f5,4.9900,11.6665,6.6765
d9c34173-1a1c-48fd-bea7-902e3b47cd49,0.0007,1.1543,1.1536
14806928-791b-4804-bf27-3e5a997ffb40,0.7249,2.7777,2.0528
75692eef-5216-47e1-b25f-6989c8549014,0.5597,1.1111,0.5514
fd7d9139-2517-4e1b-859a-e532305a9f91,2.6170,5.5555,2.9385
872ed4f0-64f1-4bc4-8429-319a385a9293,0.0014,0.5555,0.5541
c753729c-7953-4e22-9b3e-de1d005b5b8e,0.3231,0.5555,0.2324
581a69bb-fe78-4da6-98cd-f36fdeff8f28,2.4210,1197604813.2295,11.9657
0a928dca-d58a-4a5d-be1c-86530f97595e,0.2845,0.5555,0.2710
56e3f7a5-95da-411f-9547-f45ed87107dc,0.3373,1.1111,0.7738
ed826ba6-7295-4073-a7c1-08feadd603f2,0.0000,0.0000,0.0000
8461c6a2-844e-477e-b8c7-b18c1118a6af,0.0000,0.0000,0.0000
f1f10388-6a86-4863-8b79-9a2fce4b68ec,0.0000,0.0000,0.0000
1cf59e82-4626-477a-8544-3fafa4ac8985,0.0000,0.0000,0.0000
1116cfa0-8e3c-4ad5-aa3c-d1a177bfdbdb,0.0000,0.0000,0.0000
acd3f36f-4aef-4839-b364-789e83acaa5b,0.0000,0.0000,0.0000
e474ef91-5271-4fc2-baac-479043c5c9cd,0.0000,0.0000,0.0000
f131822f-4f7a-4b11-9cff-70f7e202af81,0.0000,0.0000,0.0000
d3cfb7a0-a773-461a-823e-20cd75626b7c,0.0000,0.0000,0.0000
efafa1a8-5687-43e9-84c2-be5784772294,0.0000,0.0000,0.0000
687e6920-fa61-4964-a606-efd8e65b295e,0.2491,0.7777,0.5286
feb4741c-609b-4685-a637-0701d6eba624,0.0000,0.0000,0.0000
3965709e-2d85-4da0-a55d-f97e2990bbb0,0.0000,0.0000,0.0000
a18d7d3f-4188-4851-b056-5ce6e1a5782c,0.0000,0.0000,0.0000
e5ba06bb-d738-40a7-b31a-430eba824083,0.0000,0.0000,0.0000
c0ee0c5c-2c95-4e43-ae9a-627f2ffc25bf,0.0000,0.0000,0.0000
f397c7e9-cb8d-4440-bce8-e0e771a79ece,0.0000,0.0000,0.0000
65e16bf4-6950-4ee2-bbc5-f20188bbb173,0.0000,0.0000,0.0000
41e3dde6-0142-420e-b30a-d9deccfd37a3,0.0000,0.0000,0.0000
453f1887-fb74-44ac-9baa-1195ff466806,0.0000,0.0000,0.0000
ffda1cb9-7779-4602-821b-ea5494011222,0.0000,0.0000,0.0000
b9ef307e-aa30-4f33-9180-c7d1c757360d,0.0000,0.0000,0.0000
01a21732-a783-4e40-9709-b67f71bc7045,0.0000,0.0000,0.0000
a8b3d3b9-272d-4f7a-8d0f-a2a51386bc48,0.0000,0.0000,0.0000
457bf8c5-75e8-4118-a949-64865d0c1572,0.0000,0.0000,0.0000
948dfc07-2f77-4aa1-a78e-04f012314625,0.0000,0.0000,0.0000
239b438b-e399-422c-bc86-5d1f489561ec,0.0000,0.0000,0.0000
980d5b08-7de0-43d0-af65-4756a29b77d1,0.0000,0.0000,0.0000
49027c75-f5ee-463c-b3c7-830d42b284e8,0.0000,0.0000,0.0000
5bfcabc5-b7ec-4657-a946-0c2a1794eee0,0.0000,0.0000,0.0000
afc397a2-be22-43b7-907a-073983801a69,0.0000,0.0000,0.0000
cd54254a-8fe8-4e9c-9223-d64f757c04c4,0.0000,0.0000,0.0000
0ba17dca-5c58-4cac-9e42-901eba39a900,0.0000,0.0000,0.0000
c097b23b-0218-4373-ab5c-6af198c399e7,0.0000,0.0000,0.0000
c32f8134-3b0b-4e26-8887-968654f15bb8,0.0000,0.0000,0.0000
413ac4fb-28c2-4392-a505-ca48c6db6107,0.0000,0.0000,0.0000
2dd0dbaa-12a1-4606-80cb-c51944f1c2e4,0.0000,0.0000,0.0000
feb52821-f108-4243-86c3-2d7e72a37164,0.0000,0.0000,0.0000
debbfb1a-b77a-473a-b482-9235af43ff1d,0.0000,0.0000,0.0000
28988fbc-30d6-4316-ac72-2d7d60d89ed4,0.1117,0.5555,0.4438
cd6b5762-5f8d-4341-8fdd-74ebbed82b51,0.0000,0.0000,0.0000
387a3a8f-a798-4540-a21e-ce36ff12a56d,0.0000,0.0000,0.0000
b773b0b7-cb21-45ba-ba61-ddd243e4765b,0.0000,0.0000,0.0000
43d2d5d0-b2f6-4d0a-b125-a5bb2dde452a,0.0000,0.0000,0.0000
cfd0f4fd-991d-410c-9d50-5be7c9b6bc33,0.0000,0.0000,0.0000
a48df59e-49d0-4c93-a73c-5ff83dce8a87,0.0000,0.0000,0.0000
f77a64b4-07b6-422e-be0d-0adf2d3651cf,0.0000,0.0000,0.0000
2f6aeb0e-729b-42b7-b975-cd1a7dbd2e89,0.0000,0.0000,0.0000
385e42db-4ac0-4710-9946-51aa2c45957e,0.0000,0.0000,0.0000
8395d869-22d6-4c29-8403-a103782d8e3e,0.0000,0.0000,0.0000
a7880ebe-6f90-4086-adaa-c842bd53fc38,0.0000,0.0000,0.0000
ea832fe6-313b-4317-8ea5-000a862bd3f2,0.0000,0.0000,0.0000
96940deb-75a1-4702-9dde-ef653d44e32c,0.0000,0.0000,0.0000
f85ee95b-4bdc-4e7d-827b-764f7fc867be,0.0000,0.0000,0.0000
1367ec1a-aefb-439f-83fd-2073ccfe6fbe,0.0000,0.0000,0.0000
cc6c3f32-e8a4-49cc-95a8-e6f582d4f4ca,0.0000,0.0000,0.0000
a98f7113-7300-4b6a-adf0-db8a22f6de34,0.0000,0.0000,0.0000
50a51d6e-d557-4d9a-8aff-004bd8a16349,0.0590,4.4109,4.3519
c8d51b7e-000c-4de3-a27b-574b3debc471,0.0000,0.0000,0.0000
de37094a-3737-4155-acd2-5ba2a535fc29,0.0000,0.0000,0.0000
7083bf6b-c155-48e7-8f58-6d98042db838,0.0000,0.0000,0.0000
8fe3d0bb-3418-4bf0-b16d-fbd7fd41bfa7,0.0000,0.0000,0.0000
3f30a35e-cba9-4463-815b-a2aa3ebe8c4a,0.0000,0.0000,0.0000
75e52175-4725-47ba-9e92-b66eb56e22ad,0.0000,0.0000,0.0000
0adec0dd-2f96-4722-8e48-91da54ea6954,0.0000,0.0000,0.0000
b70a7c13-2e0e-4514-b3f0-d1414c064e3d,0.0000,0.0000,0.0000
8c707e27-3ef4-46a5-b72c-a99327325380,0.0000,0.0000,0.0000
3fd1544c-1a37-479d-b21d-83e333a3740b,0.0000,0.0000,0.0000
c1489515-65ce-489f-9b9e-00096c02d792,0.0000,0.0000,0.0000
5a61b24c-6be3-43d2-b4c6-e7386b44179d,0.0000,0.0000,0.0000
9b7a37eb-ce33-42d7-9083-03be7a7d23a1,0.0000,0.0000,0.0000
8b0e719c-da85-4fc4-bf5e-d8ba63619ea1,0.0000,0.0000,0.0000
9f7f2d86-f936-4004-bd9b-5b8028a7b38f,0.0370,1.4444,1.4074
ca84c3cc-5083-45d0-ab33-7055ea6601ab,0.0000,0.0000,0.0000
3cb1ffd6-00da-417e-8c0a-0d4e614a0164,0.0000,0.0000,0.0000
b439d925-1ac1-4a9c-9988-b3ed519ddb65,2.5821,4.9333,2.3512
b09553be-1665-4fc5-bb95-1cd7171473cc,0.0000,0.0000,0.0000
a0256bd4-6adf-4f9e-9b91-bd96f719532e,0.1609,0.5555,0.3946
9a12b950-6e89-4b9e-b3cc-52fa7341c01b,0.0262,0.5555,0.5293
297270ce-fc86-4a7c-b72b-af63dacc4365,0.3144,1.0000,0.6856
b664c467-7e6e-4e79-be3d-a8017199fde6,0.0407,0.5555,0.5148
e28990ed-87e5-42e8-82cf-a4456d73f88c,0.0006,1.3332,1.3326
4efa3feb-a73a-4517-bfb8-069c66b15562,0.5773,15.2551,14.6778
a687055c-3f28-4dbd-9111-553c49e3e96e,0.6171,1.1111,0.4940
fb5e1491-f766-414b-beae-02a66c341e79,0.0001,4.4444,4.4443
8d32ce6f-a36e-464c-82b1-a4ffe1493d27,0.0058,1.1110,1.1052
fdf59060-3305-408d-a1ed-9988fe63bd99,0.0000,0.0000,0.0000
8145d28d-902b-4c58-9b87-cbbb8f91cbac,0.0000,0.0000,0.0000
c4ca67e0-e5da-4b30-af9c-1a79696464e9,0.0000,0.0000,0.0000
9c3471fd-81f0-426f-af51-f3b27d32465a,0.0000,0.0000,0.0000
00f76139-f7ad-4939-a09d-8df2dd27facd,0.0000,0.0000,0.0000
e36c77d1-3e3e-44dd-af86-7ed498e5e7f6,0.0000,0.0000,0.0000
f0ce639f-8c6d-4766-8e56-29830db1a35f,0.1168,0.5555,0.4387
0676fdc2-dd9f-4d82-969e-70eec88ebdef,0.0000,0.0000,0.0000
80511561-50d3-4b67-b721-c133a24ecda1,1.4444,1.4444,0.0000
d6a4e976-fd16-4496-8fdc-036a8dd36e3d,0.0000,0.0000,0.0000
e0c148dc-2577-46c5-87fc-af93ef06ea53,0.0000,0.0000,0.0000
8f93b7bc-ca14-4a62-9218-51cb6d2f19d3,0.0108,0.5555,0.5447
c5c37bdc-b456-4bfb-818f-78e24c64636b,0.0000,0.0000,0.0000
4aad528e-7e39-4552-a16f-8434996bdf67,0.0000,0.0000,0.0000
14391882-ba60-4c5d-9e44-a8887be61ebf,0.0000,0.0000,0.0000
41e06cb6-a3de-4bf5-996a-0dec97f821d6,0.0000,0.0000,0.0000
8c562fd3-f68a-4253-80a4-2c5bf0ab0fcd,0.0105,1.1111,1.1006
895f576c-fb05-4109-bc7f-a17ac8ad42a8,0.5167,1.2221,0.7054
811b37fa-70d9-4697-b57d-831cc6602bf4,1.1111,1.1111,0.0000
2e133129-f3b6-4d1e-b832-febcbb1a5438,0.0000,0.0000,0.0000
2c21573d-6e43-487d-ac71-7bb86972f508,0.0000,0.0000,0.0000
392a200b-9cb6-490e-83b4-99291635c7cf,0.0000,0.0000,0.0000
e8efa004-e9fa-47db-a760-67d1907d2bf2,0.0000,0.0000,0.0000
fb7a38e6-0b73-4a1f-abcc-faf59c2e8165,0.0000,0.0000,0.0000
c37506d2-3a8d-45c4-b939-e57c759cd233,0.0000,0.0000,0.0000
fe217616-30d9-4732-9f25-b046d4bdf732,0.0002,0.5555,0.5553
00a9924f-aac3-4328-9c26-6928591bb73c,0.0836,1.1110,1.0274
f4c7d674-f7f3-4047-b194-cd41b06a908d,0.0000,0.0000,0.0000
6be8cd49-e919-47c4-8cac-fa1b17eee73d,0.0253,2.7775,2.7522
e1121455-997d-4ac9-8591-7f6e7a1f5e10,0.0000,0.0000,0.0000
753d1815-78c6-4902-9b88-5f175ed07ec2,0.0000,0.0000,0.0000
88049004-a20e-4063-8aa5-db1d1ba86fdc,0.0000,0.0000,0.0000
e95dfa10-5f36-47a1-930b-b31f4766fbac,0.2566,0.5555,0.2989
192a0da4-594a-4e45-9ca5-d750a2290e3a,0.0000,0.0000,0.0000
1dc7a1d9-97ec-493b-898f-afd36db01461,0.0000,0.0000,0.0000
310fe601-d0d8-43a0-93c8-a95f6ab2021b,0.0000,0.0000,0.0000
03eb3c83-07ef-455a-9732-8ea7afc73f80,0.0000,0.0000,0.0000
b0bf3b20-0a31-45de-b339-d9a1fd5afff0,0.0000,0.0000,0.0000
37c68991-81d1-4498-b431-7ff9420bdd1f,0.0000,0.0000,0.0000
8304179b-a61b-4397-aa76-41cccfa97814,0.0000,0.0000,0.0000
4a6f3fc2-f881-40fe-9968-da5125e41389,0.0000,0.0000,0.0000
eb2c9cec-aff0-475f-aa68-f1d1d5a66de5,1.1111,1.1111,0.0000
77dfca5f-9db6-47b3-9db4-60292d231131,0.0000,0.0000,0.0000
cf9c5b5e-d445-46b3-9f34-47b65e9b40ff,0.0000,0.0000,0.0000
ab20832a-3e74-4321-8c61-d0386418db60,0.0000,0.0000,0.0000
e77584bc-a5ac-451c-9c16-9d24d2dd8733,0.0000,0.0000,0.0000
f24aecc6-6511-40a2-a027-8b1f5b441f40,0.0000,0.0000,0.0000
22f57e9e-69e8-48a7-aa02-4dd143b8ee82,0.0000,0.0000,0.0000
cd3b6c0a-99f5-4511-8678-4fbc52cc3964,0.0098,4.6662,4.6564
e48985ea-8400-4b04-84d8-4ce14c14a799,0.0112,0.5555,0.5443
d39b4f7f-6480-4e23-8cc8-1ec3d83d35aa,0.0111,0.5555,0.5444
266a973f-15c4-4055-959d-a89209cdcd64,0.0000,1.6666,1.6666
a812820a-8fcc-4a2a-a520-065cc943d677,0.0001,0.5555,0.5554
b2a6fdad-26a7-4ccc-b4a7-92db1ca8e4b4,0.0000,0.0000,0.0000
70c56377-7a76-4067-abf4-07b873f99e1f,0.0203,0.5999,0.5796
c9fa1f8a-2ec6-470c-85bb-8b42c689b402,0.1386,6.6666,6.5280
53791e5c-67fd-49bc-8778-cf7ed2ae04ed,0.0000,0.0000,0.0000
42f1e672-f174-4a0c-8039-c7227fd22ca7,0.0023,1.1111,1.1088
b6b56f5d-b5c2-49d0-81f9-de1ed9efc80f,0.0000,0.0000,0.0000
66a418de-7b1b-4a06-8dd9-62da3cf67d55,0.0000,0.0000,0.0000
8871db0b-2915-457e-83f9-812d812fdebb,0.0111,0.5555,0.5444
4b630d45-761a-450d-adc0-43d38f06302d,0.0000,0.0000,0.0000
754ad251-708c-4578-b052-2fd625a8603a,0.0000,0.0000,0.0000
74db1ad8-ef86-4997-b569-4b0783c1eaf2,0.0000,0.0000,0.0000
6bdf13e4-1161-443e-bd44-f43b754112be,0.0005,1.1110,1.1105
8c5d5747-eb91-4cb7-92cc-3ef132da1ce5,0.0000,0.0000,0.0000
30860483-dcf8-43c6-95bd-ad8fd3c437d8,0.0002,2.7776,2.7774
4e9af4d5-7d6d-4c1d-9527-5f6df2b2f0d2,0.0000,0.0000,0.0000
95c341ae-1e5e-4177-9b63-455d63ab88f0,0.0000,0.0000,0.0000
ea9642b2-b8fc-42c5-a7b0-947c3187d172,0.8332,2.2222,1.3890
37f2ab13-434e-47c3-9235-d7fd9e79d377,0.0000,0.0000,0.0000
5d32f8b2-517c-449b-90b0-53f279c45f29,0.2129,1.1110,0.8981
bf346241-8213-47e5-ba81-0f02201bbdac,0.0426,2.2222,2.1796
0cf0d095-f0e4-4b07-b2d6-b922c9fedd94,0.1459,1.1110,0.9651
85fa1edf-7fb7-47f3-94c0-e0b0729baaf7,0.6120,2.7776,2.1656
e79e8d54-7d5d-4000-96b8-2f1ce201a988,0.0167,2.2220,2.2053
6e19308e-6880-4be2-a7f0-61c73cfa057c,0.0762,0.5555,0.4793
cd30c41b-2727-4860-b69d-18c19f0d80d8,0.0020,6.1664,6.1644
93150292-07ee-4ebe-9786-3df76fd26147,0.3762,2.7776,2.4014
fb861e32-0a9e-4914-8424-17d65ae63f01,0.5124,9.9994,9.4870
0ed793dd-6596-4155-a1ce-1cc5f9311918,0.0180,1.1110,1.0930
8ae343b9-db37-4aef-9e2e-911e4ed867b1,0.1364,1.1110,0.9746
86c38ab7-23ad-41d8-889c-bb7f885189e0,0.4333,1.1111,0.6778
dcb85327-dfce-4ed5-b60f-0f34c2551e63,0.0000,0.0000,0.0000
704454ff-cb88-41b4-9f1a-6b108fff21bd,0.0000,0.0000,0.0000
fdece5a0-d836-4101-8292-3197012c8248,0.0000,0.0000,0.0000
3e946ae9-82f9-468a-b7b9-619d3a6b1756,0.0000,0.0000,0.0000
d5c8ce27-feca-49bb-80fc-55866594f269,0.0000,0.0000,0.0000
4157aef3-b71f-40ac-bfec-26b54850d2cf,0.0000,0.0000,0.0000
0a8f005b-4851-4fd3-a1a1-9583d0516b55,0.0000,0.0000,0.0000
6da899ef-745a-4e98-843a-8729458c121c,0.0000,0.0000,0.0000
fe9fd8d6-2017-445c-8b39-081015511434,0.0000,0.0000,0.0000
8960b1fd-4862-471b-9b1d-b1df7e18d106,0.2762,2.2220,1.9458
59805baf-f254-481f-bc38-69c23b02b001,0.0490,1.1111,1.0621
3e518d31-786a-4459-90d1-a702129975ff,0.0000,0.0000,0.0000
e8b7e0a1-95a8-4609-8d76-ad071e6dbe6c,0.0000,0.0000,0.0000
5773348f-b3d6-4360-a6a3-c8ec6c9da6a4,0.0000,0.0000,0.0000
14c5808e-1057-47bb-955c-751d10338eb2,0.0000,0.0000,0.0000
67168dea-2277-4497-b2d9-8827190327e3,0.0000,0.0000,0.0000
223f4e9f-f2f3-425e-9fba-a1ac2c0d0075,0.0000,0.0000,0.0000
fb23ee50-92e4-4736-846b-a856cd3e3aaa,0.0000,0.0000,0.0000
32cb7c82-707e-48e3-ab04-c12d5ba56e15,0.0000,0.0000,0.0000
41283fc8-0665-4f95-b2f8-c8e5bd01823e,0.0049,0.5555,0.5506
21409e7d-af39-4b64-a31d-464cd131c702,0.0000,0.0000,0.0000
3af7fbf2-3c04-4e0b-b32a-088579d07c93,0.0000,0.0000,0.0000
33aa8962-1d95-461a-a6cb-ec370ead8153,0.0000,0.0000,0.0000
c29dca11-9896-4cfe-ab3e-975e80372a9b,0.0000,0.0000,0.0000
156c854a-a680-42bf-803e-da8dc891411e,0.0000,0.0000,0.0000
298ce987-0bcd-44ca-be93-988c56798653,0.0000,0.0000,0.0000
9f5fec25-2bf7-432b-a4fc-7f836590f912,0.0000,1.1111,1.1111
8daa0399-a226-41aa-96dd-92ab7ed16f30,0.0000,0.0000,0.0000
821f7c03-2ad7-4d89-b614-5a8f1f109b69,0.0000,0.0000,0.0000
1ae6a199-13ef-47a8-b7c3-17d1e91d277d,0.0000,0.0000,0.0000
c166e1ff-4412-4d0a-a637-73fd2e050206,0.0000,0.0000,0.0000
fca9f238-11cf-42b5-ba7a-c0c00d67e99d,0.0000,0.0000,0.0000
9d7d8f24-e582-49ec-8ba5-8b7e5985b709,0.0000,0.0000,0.0000
fe15e42c-c436-4014-ab81-8adb2865d0b6,0.4843,1.1111,0.6268
3499765e-8d9d-4227-98aa-70e1c53e8561,0.0000,1.0000,1.0000
3e89e344-dca3-493e-af37-7a4412ced0a8,0.0000,0.0000,0.0000
70581814-dc46-4f3e-a6b3-b20e427e30a8,0.0000,0.0000,0.0000
d3a440cc-53f2-4e4a-998d-e5095d1c99a7,0.0089,3.3333,3.3244
8a4bcb5f-f6b3-48b9-a46a-af99baab7926,0.0000,0.0000,0.0000
f53ece1d-7440-4520-8420-25d5befe6941,0.0000,0.0000,0.0000
327f1043-9e1e-48ff-bbe4-b27a37e50016,0.3767,9.7470,8.1726
16b2086b-e2a4-4529-8fae-f8306709c7ae,0.0000,0.0000,0.0000
91cf85f0-981f-48f3-83cc-23782ce2acae,0.0000,0.0000,0.0000
3f39ed23-137d-41d2-8023-91b321aeb895,0.5555,0.5555,0.0000
0bcc534d-fae6-4107-acf5-1cac4ecd9561,0.0000,0.0000,0.0000
398ae928-afd9-4caf-881a-3873a58cbea7,0.0000,0.0000,0.0000
8dd6927c-0dbf-4d05-b47d-4361ece65116,0.0000,0.0000,0.0000
869afc3f-f9af-4632-a2e7-40f74bb2a2ff,0.0000,0.0000,0.0000
8fa99f68-6050-4b5b-aa60-39fbe9b62b60,0.0025,3.3331,3.1640
144cad79-8795-4bac-a78b-780388f7da40,0.3399,0.5555,0.2156
5cf1e244-8aa4-42c2-863f-fc17c3555da9,0.0000,0.0000,0.0000
2d4eeb48-cae3-4a28-9e0f-83f860ed21ee,0.0225,1.1111,1.0886
954e3f1c-8b5c-4680-aeba-697de639e4ed,0.0000,0.0000,0.0000
238e48fd-bdc9-49da-b7db-ba8ab26695d0,0.0000,0.0000,0.0000
1ef3b6ca-a4cf-4d3a-a286-744f26b2507c,0.0000,0.0000,0.0000
ee225129-63b5-464f-839e-dfa5533ee77f,0.0000,0.0000,0.0000
3d771810-c2b3-44d6-b2f5-6568292ca9ff,0.0000,0.0000,0.0000
0fd9fe5e-289b-43fb-b92e-d816a63d2203,0.2260,1.1110,0.8850
1cc6e06f-71f7-4fc7-b90c-d562410097d1,0.0000,0.0000,0.0000
cfa941f0-37f5-4b44-9add-869309d65755,0.0000,0.0000,0.0000
b1e54c0f-d7c7-4b5d-bba7-8cf325b13184,0.0000,0.0000,0.0000
0d6f8225-7afb-4e16-8464-75c99e41669b,0.0010,0.5555,0.5545
ca65874a-db9c-4bdc-9548-cbf34ba8f0d1,0.0000,0.0000,0.0000
32e2efff-9189-4836-9f58-17e25508aee2,0.0000,0.0000,0.0000
01037de4-cbcb-4db6-a452-41b000a91d1f,0.0000,0.0000,0.0000
2c1d0adc-1a6f-4321-b553-d1be601a9f02,0.0000,0.0000,0.0000
be9fce13-c61b-4e0c-944e-1f8c22803882,0.1056,5.5555,5.4499
1da740cf-aeca-4b79-9027-94e1278b111c,0.0000,0.0000,0.0000
73b14d84-3488-4466-be08-60d4a129d3e6,0.0000,0.0000,0.0000
415c872b-af73-4789-8ea3-ceef2f19f997,0.0000,0.0000,0.0000
749e4a2b-12b1-4cae-874b-a1356c0383b5,0.7920,2.2222,1.4302
af7ec0ba-ccbe-4fc3-9bf5-ffef6603d2dd,0.0000,0.0000,0.0000
e3800089-81b5-4b0a-be47-931473b59ec9,0.0000,0.0000,0.0000
dfb09449-b902-430d-8221-9696770eda03,0.6603,1.1111,0.4508
130f2442-f0cf-4de0-9fd0-0f829dd8c319,0.0000,0.0000,0.0000
a2d5f0cb-2353-4de1-84fc-08d28e3e22b7,0.0036,0.5555,0.5519
121e05e7-027f-4ce4-973f-ddc00d25baf9,0.2939,0.5555,0.2616
e83dc67d-bfb7-42c0-a343-fbbee14b02eb,0.0156,0.5555,0.5399
669b54af-2869-4778-a2f9-51be7d8fd211,0.0014,1.1111,1.1097
5c051744-083a-4107-9e80-b44adb9b50eb,0.3468,14.7223,14.3755
73f08243-598b-4e66-a1f8-e9b73f556ca4,0.3591,1.1111,0.7520
13c38614-921e-4bf7-a7f0-1bf39d5fec07,0.0131,0.5555,0.5424
e95eb97b-394f-44bd-810a-dbcb32cd8cd0,0.3497,2.7775,2.4278
e3765d5f-f55b-4837-8d5a-f86a7e815dfd,0.3285,3.3331,3.0046
6304f788-2754-4011-8b35-dbfdf3eada49,0.0000,0.0000,0.0000
da7e4146-c6cb-49e2-8cf1-2301ce03984e,0.1816,0.5555,0.3739
b4f1c9ea-f823-43fb-be88-ec4746361190,0.0000,0.0000,0.0000
e0741d8f-0a09-4ae9-b254-c0af735d192f,0.0000,0.0000,0.0000
936e2140-0337-4931-8364-d6116f849439,0.0000,0.0000,0.0000
9cac994b-2d0f-4189-8e2b-1c05cd1e16c9,0.0000,0.0000,0.0000
c2b406d1-d943-4fee-b41f-4b9bfccca11d,0.0000,0.0000,0.0000
3faf2111-7487-4505-a463-a808146f7ac3,0.0000,0.0000,0.0000
f1b5a301-12e3-4e17-a7bc-427a09525112,0.0000,0.0000,0.0000
64d7cafa-c297-4ba1-949f-8ec6bd7e7840,0.0000,0.0000,0.0000
7f8fda8a-1556-4ac4-b0c8-238cabcd4e8b,0.0111,0.5555,0.5444
29c68602-fc34-4a91-8a24-806ba50be277,0.0000,0.0000,0.0000
64a6752f-bdee-467f-a4db-462ad965d165,0.0385,0.5555,0.5170
2784a383-1034-443f-84b8-3aae2bb08dac,0.0409,0.5555,0.5146
21c482e1-9aa0-4603-9d09-8e075fbf8846,0.0000,0.0000,0.0000
03e15abd-95f1-4882-94c6-25d87589cefb,0.7415,1.6666,0.9251
31770a38-57dc-4c88-b12f-c9c8b3ed828f,0.0000,0.0000,0.0000
05096b06-1ebc-4815-89ba-dd3ec74e2ca1,0.0000,0.0000,0.0000
7830b437-f824-4791-a5ee-2a3ad49f168b,0.0000,0.0000,0.0000
194232bc-387d-4c64-969e-8ecbccce7a30,0.0000,0.0000,0.0000
13628274-114a-4a62-8576-c9c410d5193c,0.3239,0.5555,0.2316
57cb0b15-80e6-4374-a25d-2b39b6bd673a,0.0850,0.5666,0.4816
66d3c41c-c2e9-4b7e-bda7-abd368b4248c,0.0000,0.0000,0.0000
aa636b18-9b3c-4de1-8e23-75efa1efddc2,0.0011,0.6666,0.6655
e9e94e70-338d-4c61-a355-b8a2fcc0ce00,0.0086,3.3222,3.3136
1f111391-0def-4809-9578-dc45aefbd14f,0.0000,0.0000,0.0000
40910417-229d-426c-8102-7fa399ce0814,0.0000,0.0000,0.0000
8dea3cb4-0c66-4616-beb6-52723a581c15,0.0000,0.0000,0.0000
6a740255-588e-42f3-b15c-09df8e47c32f,0.0000,0.0000,0.0000
0c8750fe-c3e6-4eb0-bdfb-7c0228f0cc4e,0.0010,0.5555,0.5545
1731c29c-8bd7-4c87-96bc-ddc76fa6780b,0.0000,0.0000,0.0000
374fd6c8-93ea-4df2-9c2c-20e31e480e6b,0.4075,0.5555,0.1480
27882d0f-7e69-4781-b5d8-0b9d7556eff6,0.0000,0.0000,0.0000
5e25e4b0-a611-455f-805e-c4ad589e120c,0.0005,1.1110,1.1105
624cb20f-d3dd-4c93-b7ff-49f7c190eb8e,0.0027,1.6665,1.6638
fcb5e239-4205-4ceb-9196-e993cf29d820,0.0000,0.0000,0.0000
d412cb28-99da-408b-aacf-29d8d194bcea,0.0011,0.5555,0.5544
503beff2-348c-47be-9380-5a8386bc1eb7,0.0000,0.0000,0.0000
40970c47-4daf-49f5-860d-c86d8d4dc61f,0.0000,0.0000,0.0000
4c44dbff-f624-4138-89c2-c385f7ad6f7b,0.0000,0.0000,0.0000
2065f2b6-2ca4-4d00-80cf-29a706f140b6,0.0000,0.0000,0.0000
70efaed9-65bf-43f4-a88a-3ae8ae42d0f7,0.0000,0.0000,0.0000
0131fdda-9222-46d3-b0c3-62493818609b,0.0000,0.0000,0.0000
b9e5ad23-fb4d-402e-8c7b-7808ff5d7314,0.0000,0.0000,0.0000
3a0ae68c-40c7-441f-9a84-d83aaadde62f,0.1996,0.5555,0.3559
d8ba16d7-7093-4fea-bc6b-ba4d4b950275,0.0000,0.0000,0.0000
dc171e3a-c9b7-48e9-be8b-af3ab2e71f6b,0.0000,0.0000,0.0000
3f3a6288-f9e7-4558-a7c0-ca55c3cc2a7f,0.0000,0.0000,0.0000
7701326a-6911-49a3-98e6-780bfa98edb6,0.0000,0.0000,0.0000
5ff2d3f9-02d2-40b3-b321-8bc7d0699182,0.0000,0.0000,0.0000
17db5a6a-cdad-4bb5-a6b4-63e5f555aa5a,0.0000,0.0000,0.0000
6f739e19-afc3-455f-9c18-ca1f7d2b8d98,0.0000,0.0000,0.0000
8007b9fd-41c3-415d-aee3-9bb84cfa15f8,0.0000,0.0000,0.0000
8fa76020-137e-460d-a8ce-f9f1f291e626,0.0000,0.0000,0.0000
2b699162-767e-48b6-a2d4-0473506b74c7,0.0009,2.2442,2.2433
ee8d30e8-9401-46b8-9efe-7ced4c65a81f,0.0113,1.1443,1.1330
02dc587a-cac1-40bb-bde0-42b3b2ba3e31,0.0039,0.5555,0.5516
86fba266-06fd-4374-a90b-da4827d93d6a,0.0000,0.0000,0.0000
a3b3666e-d938-433a-838d-d3e7200c48b1,0.0069,11.1110,11.1041
8408aeea-8691-4139-86ff-810ad5ad215f,0.0047,0.5555,0.5508
224bd2f5-72ef-4392-ad3a-69fa0ff2bcaa,0.0000,0.0000,0.0000
25113e09-7d69-4b56-8b77-f69bc8d56e77,0.0056,3.6998,3.6942
5cdf18bf-0a47-4361-b681-972b14d594f0,0.3399,0.5555,0.2156
9006ce3c-3c39-4010-8635-99d3ba6d0ae1,0.0000,0.0000,0.0000
5f1931d6-3bee-4eae-8d21-c12e9423666b,0.3046,6.2220,5.9174
534ff796-7763-4c10-9856-ede1333cbdd8,0.1502,0.5555,0.4053
6d011517-18af-4ef7-9b99-367310e3cfa2,0.4893,0.5555,0.0662
7bc5a634-2218-4924-bb4e-f2f71061d660,0.2983,1.6665,1.3682
8ecc36c4-1a09-49f4-8669-c0a0b144b96c,0.0195,3.5552,3.5357
b6137456-5b36-4cc4-98e5-c4c2660343ec,0.2754,0.5555,0.2801
63165322-ccc7-419a-a380-1619f548c306,0.0261,0.5555,0.5294
b98615f9-1c31-4f59-a217-51d25b61c4a3,0.0000,0.0000,0.0000
0c52599c-3a3a-4fd2-839a-0744e0ad19ce,0.0003,0.8888,0.8885
bbfce27c-2ea5-4acc-b1fd-539b48cd1550,0.5004,2.2222,1.7218
1185b966-56ee-4494-a136-e4a5468572e6,0.0844,6.1111,6.0267
10bdc9b6-3cb6-4295-a48b-cdb834951aba,0.2207,2.2220,2.0013
dcb2480d-20e3-4aac-95b0-e2df79709a17,0.3645,0.5555,0.1910
5eceaf49-3585-4e19-bd9a-c631c8b2f3c3,0.1975,0.5555,0.3580
b5b5d2b7-25c4-447a-8fab-0ddd0ef18dd5,0.3692,0.5555,0.1863
fc2175cf-0f5a-4c23-85e9-feae3cb2305f,0.0715,3.8887,3.8172
e22c547a-987c-464d-87a4-3e926bc05715,0.0115,0.5555,0.5440
8c7c61e4-9e20-4b5a-adef-101d76242091,0.3480,0.5555,0.2075
d16cffb4-5d6b-4362-8b58-b4c09dad197a,0.0000,0.0000,0.0000
7fc20182-062f-4d69-9854-a22a502cc24e,0.0000,0.0000,0.0000
cd0c4d7e-df60-4a12-9069-1593f87e4ff4,0.0000,0.0000,0.0000
ed808eb3-9cfe-4157-90d4-149b4c712d25,0.0000,0.0000,0.0000
362d23b3-4eeb-46d4-8c2f-a52512e6fa31,0.0000,0.0000,0.0000
895b8372-ec9f-4b7d-bcac-ebbbc4c993ff,0.0000,0.0000,0.0000
e131900b-f82e-4bc7-a0eb-e50338eac337,0.0000,0.0000,0.0000
8f1a2a36-05b8-4d3c-8301-59f91175a943,0.0000,0.0000,0.0000
efd4e0fb-d2c7-49eb-80e4-c7754e220ef0,0.0000,0.0000,0.0000
2c1006b1-2e77-491a-b7bd-04d6593cd4df,0.0000,0.0000,0.0000
6848b245-c5df-4253-8b76-c539f81f4d3f,0.0000,0.0000,0.0000
2009b664-83b2-40bf-ad4e-c4369d3e2e2c,0.1936,0.5555,0.3619
62e52ed9-a316-4f60-be45-ca0fe18282c9,0.0000,0.0000,0.0000
da1c741a-5813-4ac5-a214-b14351f6f452,0.0000,0.0000,0.0000
6cfa708a-5434-45eb-b272-da37b1b35a96,0.0000,0.0000,0.0000
9c39c50a-1acf-460b-98b6-7d2b3f7e82f3,0.1327,1.6666,1.5339
35ea0ce8-6c00-43ba-b3e9-69f64cdf3583,0.0032,2.7998,2.7966
5cb0fa83-3b9f-46d2-8da6-22ce3a4878c8,0.0000,0.0000,0.0000
061986a8-dc7c-49db-9035-87162a493d42,0.0000,0.0000,0.0000
b2ead093-b2a4-43a8-af58-654e7a24c6f7,0.0000,0.0000,0.0000
0ea0bbe1-674e-40f6-a8d2-f48faeb2855b,0.0000,0.0000,0.0000
680f9cd5-2d48-482c-afa5-de54fdc7645c,0.0000,0.0000,0.0000
1c36006c-c9ac-42d2-8a0e-82fdd5695ee0,1.2227,1.6666,0.4439
d032e7de-dba0-47e4-89d3-48b9a597bb99,0.0000,0.0000,0.0000
77968bce-404f-4a37-a396-381c2742819c,0.0000,0.0000,0.0000
b658b046-6060-4946-b09f-d813f3375e61,0.0000,0.0000,0.0000
20a50108-09e6-4214-aa42-f392278b13d4,0.0000,0.0000,0.0000
e68f7025-0428-4fd0-a856-ab279b4e654a,0.0000,0.0000,0.0000
cafcb141-3314-44de-9d43-58687362bac9,0.4604,0.5555,0.0951
663d8aee-cb6e-4697-993f-44f4ec5ae409,0.0000,0.0000,0.0000
022ad782-6179-4f51-8b75-86829c18a53d,0.0000,0.0000,0.0000
bb5d28a1-a2df-47dd-9666-0022a012be0f,0.3535,0.5555,0.2020
9dda833c-f34f-4aba-a2ac-3ad36d91bc90,0.0000,0.0000,0.0000
c9ca96f9-0e58-41e3-93d1-1a070b6ae58e,0.0109,2.2222,2.2113
dd188f6d-5f3f-42c2-a5f7-064bbcd1e7db,0.1585,2.2221,2.0636
2fe57038-b324-4a5a-ab09-2ba191d9d444,0.0000,0.0000,0.0000
9e22be29-b05e-4897-94c6-3abd2ad666c8,0.0000,0.0000,0.0000
3c74bf1c-a25b-4669-878b-3d8407d9eb7f,0.0000,0.0000,0.0000
065c4b85-0061-478a-aeaa-9df01514d544,0.1247,5.2221,5.0974
5f0f7940-e890-4cec-8662-b5ea6d23d310,0.0000,0.0000,0.0000
b4fdbe09-c84e-40d2-9e45-8a9f1e58a105,0.0000,0.0000,0.0000
655bbaa0-cee0-46f4-9c10-a968f679422d,0.0022,0.5555,0.5533
37cb52dc-106b-420f-b9b8-9ac03ea04846,0.0000,0.0000,0.0000
9c8dcbc9-7773-4649-851c-fb4cb83f0999,0.0000,0.0000,0.0000
5ddf588e-2c17-4278-94d0-8be5e6cac926,0.0052,3.6666,3.6614
9a0b0026-383b-4800-aca8-3ec325dd19c7,0.0144,1.1110,1.0966
f0fa4546-ee8e-4f6f-8a2f-cbf6b42cb6f4,0.5555,0.5555,0.0000
85aebd30-5f2d-48ec-9618-da976725b5b9,0.0000,0.0000,0.0000
4454a994-aab2-4d8c-b784-90e347660446,0.2337,4.2221,3.9884
6cd37045-2059-4857-adfa-1775d376e6d8,0.0000,0.0000,0.0000
7508e3de-e38e-4994-a06a-392541804e39,0.0013,0.6666,0.6653
8ccd1846-1d37-47f2-b09f-3f1e5bdf627c,0.0016,0.5555,0.5539
d5b7343e-4be1-401e-999d-bfae3fb2fe70,0.0000,0.0000,0.0000
108e7a1a-e5f8-4e19-a460-f56022ff6609,0.0000,0.0000,0.0000
e0187163-a7fd-4631-81d4-e59b7c7f709c,0.0994,4.0554,3.9560
b858522b-1f1d-44ba-956d-d56ac013717b,0.3807,0.5555,0.1748
7edec00f-248c-4288-a403-1e973fa6a394,0.0000,0.0000,0.0000
32264811-d86d-4dcb-8078-bf2d3ee33ca7,0.0000,0.0000,0.0000
6ec4b6d1-bdd1-4a63-be0f-94ec61f8a914,0.1181,1.1110,0.9929
d7e18801-8b78-43df-bf20-61d0dcd06614,0.8325,1.1110,0.2785
6e460dfc-d608-4008-a9d2-1a27e7004462,0.0000,0.0000,0.0000
7bac8f65-4187-4f35-a5fc-3cbf229d2cca,0.0000,0.0000,0.0000
6eca3247-575d-4876-9438-e87c0e221331,0.0000,0.0000,0.0000
e481fc67-3137-4d4b-82cb-8726c2c974ee,0.2042,0.5555,0.3513
927d3803-ed0f-4ccc-9b73-73048aabc244,0.0003,1.1333,1.1330
342446bc-0905-4fe8-a99c-ce22bb0a8da1,0.0049,0.5555,0.5506
8e4151b8-75d1-4d9c-ba06-31b4b994e956,0.0000,0.0000,0.0000
c56292fa-d148-4d46-a6ed-46e54e5bb82a,0.0000,0.0000,0.0000
763d5269-b10d-48f7-953b-a3fb6aa801f1,0.3331,1.1111,0.7780
02224c81-93b9-4641-b164-fe39b6cea7c5,0.0000,0.0000,0.0000
3a747f2e-baeb-4b8b-8e41-ae4ece4df83c,0.0429,69.8668,69.8239
694fe296-7c10-47e0-a0a4-333fcd958580,0.0000,0.0000,0.0000
529bae15-5b1e-4780-a701-7e8e95cd3356,0.0532,0.5555,0.5023
ae170391-319d-4a22-9ea9-fcb1ab3250d3,0.0000,0.0000,0.0000
a58e2bdd-36f3-4745-97da-f304df9e5d7a,0.3253,1.0000,0.6747
5efface1-fab5-460c-bf8d-beebe45f5056,0.0000,0.0000,0.0000
63f7ec07-e052-40cc-a1c3-9d57783fc457,0.1517,0.5555,0.4038
826c1896-5f25-4547-9b2a-35def729b3a7,0.0009,0.5555,0.5546
f730d62f-484d-46f6-b80a-7455ec0c3ec5,0.0040,1.5555,1.5515
d217a94c-c73e-474e-9f84-8902bbb16921,0.0000,0.0000,0.0000
79a1cda4-4083-4524-8ce5-bdfb75f19507,0.0023,1.1111,1.1088
6c090561-65d0-440e-a2a1-b86a77a470cb,0.0103,0.5555,0.5452
d19ea60c-d9d9-49fc-9117-beafbc5baa80,0.0761,2.7777,2.7016
c8a4ba9a-c8ca-4241-8834-065c6479c52f,0.0386,0.5555,0.5169
91b99b64-7bea-49ac-9e72-cbc90de902de,0.0121,2.7777,2.7656
1a664f6c-c422-43ef-832c-96837c8705a7,0.0548,2.3333,2.2785
0c80a7fb-beba-4af5-9a8d-6ce94d2a2097,0.0000,0.0000,0.0000
ee16b233-1bab-417f-9e0c-133ba77cb8c6,0.0000,0.0000,0.0000
56898ec2-69a0-4ecf-a4d8-8e43c14089a5,0.0000,0.0000,0.0000
d71ba3f9-dd03-4f5e-8d11-992fc920d60d,0.0000,0.0000,0.0000
2d52f52d-69b8-493d-81a6-3bf8a40a10ac,0.0000,0.0000,0.0000
efd75712-b354-499a-8465-5b8368220856,0.0000,0.0000,0.0000
37f01356-d33b-4003-b8fd-1fb4e07454f9,0.0000,0.0000,0.0000
557017c2-2b79-467f-b643-1a544af82835,0.0031,1.6666,1.6635
9336f13e-73f4-406e-840f-c7dfd8371e77,0.0000,0.0000,0.0000
640c5314-da2d-460f-ad35-178bb618f0c3,0.0045,4.4444,4.4399
a5065252-0b12-4151-b34b-46e2b8492e3a,0.0000,0.0000,0.0000
fc51fa12-a6a5-455a-87b8-f8301b4b4e4e,0.0000,0.0000,0.0000
f2560c33-1f1f-4456-a978-2e7f3bbce239,0.0000,0.0000,0.0000
672877ae-22ba-4b73-adab-2812934064cc,0.0000,0.0000,0.0000
98a6d6c4-aaef-447e-9ce1-59cbac0b56e5,0.0000,0.0000,0.0000
58dc9cdc-232c-4dba-adde-37a7067f0fae,0.0000,0.0000,0.0000
a3d2d5be-a13a-4dfd-95d8-7f76d394f5ff,0.0000,0.0000,0.0000
355aefee-71a4-4279-843f-955707564151,0.0005,1.1110,1.1105
8aac40dc-6364-4722-a252-5230d404669b,0.0000,0.0000,0.0000
b8b38987-dbc5-4169-a249-38bbb7a5f744,0.0000,0.0000,0.0000
d9188ddb-8812-49bc-ab7f-5c5c5c54326d,0.3349,0.5555,0.2206
885a9788-8dbb-41d6-a1e7-c85794130395,0.0000,0.0000,0.0000
87c9d5f0-8518-47df-a920-c377f6630bef,0.0000,0.0000,0.0000
99985f43-6be2-4c3d-90bb-b5c07483e47b,0.0000,0.0000,0.0000
f6abb7b7-688b-4bab-8ab7-47ac27a0bf0d,0.0000,0.5666,0.5666
0c29d493-2999-48d9-9b63-9ea845b5693a,0.0017,2.7775,2.7758
bd4ee9d3-1dea-408e-af3b-d567282ddb4f,0.0000,0.0000,0.0000
41872ef1-d564-413e-b1aa-f844d99eef66,0.0000,0.0000,0.0000
46c5dbc0-1d48-4338-9bfa-40baad7e87e3,0.0000,0.0000,0.0000
dbc5ddca-dbff-480e-9d71-721be3a3bc71,0.0000,0.0000,0.0000
4ccfca57-6baf-4cf8-b579-e940122e53c1,0.1854,0.5555,0.3701
4c1318ee-05f8-4902-91c7-d4b3ce8461b9,0.0000,0.0000,0.0000
9a4c61d0-9096-4916-b752-aeb6e67a7103,0.0305,2.2222,2.1917
845b140b-ff1d-417c-af8f-13833f7ebca0,0.3747,3.6664,3.2917
347d0711-bd29-4765-bbce-8e6dd6bd396a,0.1180,2.9997,2.8817
d814d4df-2b73-4117-8363-b090c86d2cac,0.0000,0.0000,0.0000
d4bcd395-f218-43dd-a8a0-2a9c8cffebac,0.0000,0.0000,0.0000
e810ad6f-69aa-43d3-8feb-a041a2428bdd,0.0646,1.1110,1.0464
809e22ed-aa34-4671-97a0-310308e6e949,0.0000,0.0000,0.0000
1323b82b-b235-4586-b453-6d50f581e50e,0.0000,0.0000,0.0000
d2275fdd-8205-4ea9-aa29-66468bd89e75,0.0000,0.0000,0.0000
7357633b-1535-488d-8c65-19f18fb8b491,0.0000,0.0000,0.0000
9b0b78e3-032b-42eb-8a8f-189d683fa872,0.2618,0.5555,0.2937
249bc837-cf3e-4b6a-84d2-8d86527131c0,0.0000,0.0000,0.0000
3e42b7db-c612-4fe7-937e-f5cc3e4e823f,0.0000,0.0000,0.0000
cf131c08-b8e3-4514-b115-b1dfb25c7be1,0.0000,0.0000,0.0000
baecef43-d13e-4cb6-8d52-7219d3f34350,0.0000,0.0000,0.0000
fba4143c-149c-4001-89a1-520cca2e1e84,0.0000,0.0000,0.0000
784b5e9f-f0ac-4254-8b81-c028f366d274,0.1438,7.3332,7.1894
6e0847e7-20fc-478f-9edb-6d01cadc9243,0.0000,0.0000,0.0000
981ca0ee-ede0-420a-a9ca-9f7377ecaa62,0.0892,1.2222,1.1330
a88ee199-099e-431a-a9cb-c4f28487ef36,0.0000,0.0000,0.0000
f63a6587-23fc-4bf7-8ae8-8304c85f49e6,0.0000,0.0000,0.0000
ad99a2bd-1e28-4b36-ac3d-05e7518b72fb,0.0000,0.0000,0.0000
8d198d36-668f-4c71-97a6-1c1f435902c3,0.0000,0.0000,0.0000
a69b00d9-64bc-4fb0-93a3-9e760b5988d7,0.0000,0.0000,0.0000
05f33445-8d23-491e-962a-6ccb2a29a186,0.0000,0.0000,0.0000
6c800aea-f4e7-4ca6-87ab-a87649ac514f,0.0000,0.0000,0.0000
e6a16316-59c3-41fa-80f7-0b464ca4f209,0.0000,0.0000,0.0000
455468f9-b1db-40dd-b092-be1c15ec37a9,0.1411,1.6665,1.5254
bbd4964d-987b-49e7-9b95-a3b4b8553d2b,0.0000,0.0000,0.0000
5bf6aa1f-35c7-4054-8335-109ebf68e4dd,0.0000,0.0000,0.0000
8870d0aa-43b4-4ee0-ad58-4eb9c1ca4c68,0.0023,1.1110,1.1087
0be7c618-772e-48e1-a1a2-f6be179508b5,0.0000,0.0000,0.0000
049e2ee1-1c4b-4679-92e0-754c0fa582d0,0.0000,0.0000,0.0000
dd622e7a-1e3a-4843-a085-517b00772065,0.0000,0.0000,0.0000
2e135cad-f066-46db-af2a-88738686c06b,0.0000,0.0000,0.0000
494a2647-0a5f-42a9-8e38-323e9aac6316,0.5555,0.5555,0.0000
eac74d0d-45a3-413d-abcc-a85729944906,0.0006,6.4999,6.4993
cad7a245-1863-477d-8a01-0c3ac9f0903f,0.0000,0.0000,0.0000
d751b614-7a96-4006-b89b-a955b0a68c7c,0.0000,0.0000,0.0000
c743bb62-845e-417b-98dd-6fff6eec8386,0.0000,0.0000,0.0000
700b2073-5eb4-44e9-bc30-10a5db255c2a,0.0000,0.0000,0.0000
f3637fbe-12e7-4dd2-bf6d-59affe09c87e,0.0000,1.1110,1.1110
8b0f5030-c112-42d7-a99c-b31be400ccd7,0.5190,0.5555,0.0365
f4678558-cd69-4803-9b04-73e464da869c,0.0000,0.0000,0.0000
e1a6fb01-43c4-48f4-85c3-78d4cca423c0,0.0293,0.5555,0.5262
d4ee4d4c-90a3-48cc-9c07-09001bcfdad7,0.0000,0.0000,0.0000
298fcce1-75b6-4756-8169-34d1edc2420a,0.0000,0.0000,0.0000
8ac15cd0-2ae0-4b12-909a-0f6e40f36faf,0.0000,0.0000,0.0000
ef3e51c5-7749-47e4-996d-22eee2337677,0.0000,0.0000,0.0000
1bf8fbfa-0378-4341-acd9-7e969126cb31,0.0225,1.1111,1.0886
84f3a681-334d-4d80-8ae1-60e43e279011,0.0000,0.0000,0.0000
989077b9-bffc-4506-8264-c81b1d718f09,0.0021,2.9222,2.9201
76ed7309-4339-4cd6-8ce8-503699396716,0.0000,0.0000,0.0000
24554da1-c68d-4035-a335-533e7f9ee675,0.0110,0.1666,0.0000
c8429beb-3845-4edf-9ee4-82e0ea40fa35,0.0000,0.0000,0.0000
cf4dd19d-eb59-4d86-9df1-13651bb2d7e9,0.0000,0.0000,0.0000
7d5a3fad-1312-40be-b829-acd69f006683,0.0033,1.1111,1.1078
05effc62-8dd9-414a-9959-751b1647e83b,0.0000,0.0000,0.0000
ff704cd3-6bd5-4bfb-a180-42c6e3d426d4,0.0000,0.0000,0.0000
932c4a1e-2b55-4dcb-b765-8e9a0eb3c1ef,0.0000,0.0000,0.0000
2b56e31c-f261-4019-8a4d-522c642662c9,0.0000,0.0000,0.0000
32ecdfe3-1bf3-4a2a-a13e-0b5171cd3202,0.0000,0.0000,0.0000
50945916-dc06-4b31-9b72-422887676538,0.0000,0.0000,0.0000
56b6bd88-f952-40b4-89b8-c42112981ac2,0.0000,0.0000,0.0000
cdffa608-1fd3-41e7-b3f5-26e1d6b105b2,0.4322,0.5555,0.1233
fcc2ecbd-d692-4c71-88da-c72eeea7359c,0.0000,0.0000,0.0000
0a98753f-8184-4551-b61f-47a3a4381022,0.0000,0.0000,0.0000
67a8eeed-f780-4311-aeb9-d35edc668a7a,0.0000,0.0000,0.0000
5ce01cc1-f613-4032-95a3-719729a76625,0.2676,1.6665,1.3989
0032b14b-440f-41b4-bc1c-2850012a2ef9,0.0000,0.0000,0.0000
5beae404-5edc-4fe9-9887-71e19bd671ea,0.0000,0.0000,0.0000
51ae36da-2f46-429b-bb3c-c9755ed84c7f,0.0000,0.0000,0.0000
c852cc1b-af0d-4026-99e4-9ba36da80dca,0.2373,0.5555,0.3182
629fb082-c903-4647-ab41-c2a3b9f0eb29,0.0000,0.0000,0.0000
04955d75-a27a-456c-ad71-966e1d3e8dcb,0.0169,2.2222,2.2053
4da139c3-f2d0-4303-97b3-a1c65864fb92,0.0000,0.0000,0.0000
570401e1-16c6-40aa-88e4-8b2a6567bc9a,0.0000,0.0000,0.0000
4f319007-f5c9-46f5-953b-481c36d02ec7,0.0000,0.0000,0.0000
597c2c28-6cda-4d0e-a2bd-989dc1b199f5,0.0000,0.0000,0.0000
92001b47-0138-4097-ae4e-8956aefb0a4e,0.0000,0.0000,0.0000
f22f0fca-58c3-46fa-baec-d64542521d71,0.0000,0.0000,0.0000
481bd581-5e78-4329-b078-67990a89402b,0.0000,0.0000,0.0000
a87ef487-def0-4ca6-8b8b-c4d7ce8f6b0c,0.0000,0.0000,0.0000
4d6c730b-aa0d-4612-ab61-4e79e725b6e7,0.0000,0.0000,0.0000
2dd3a8a0-9b64-4007-8ee3-a4ed3991a85f,0.0000,0.0000,0.0000
d9d6539c-b5af-4448-b05d-ec2e52c5a183,0.2379,1.0000,0.7621
ad2b92d2-ae38-4565-a242-9485c19c83aa,0.0000,0.0000,0.0000
78929cc4-b0e3-4ef2-a952-37d584ec7861,0.0390,1.1110,1.0720
64d438ca-f5a3-4bba-9e5c-249b8037d5fe,0.0000,0.0000,0.0000
168b030d-c3c6-4181-a3dc-b00eea11b4b0,0.0000,0.0000,0.0000
089424cd-313d-466c-8854-595be056af17,0.0000,0.0000,0.0000
f12bf482-593d-4072-8b51-fa1af55d9dec,0.0000,0.0000,0.0000
e26ec0aa-4614-48fc-838a-a9d8e9b14255,0.0000,0.0000,0.0000
e522b211-cf5f-4a7a-adc0-a17d6a1cc6bb,0.0000,0.0000,0.0000
99ebbfee-3f66-48d4-9137-224d4859658c,0.0000,0.0000,0.0000
6fa690c0-fc1d-49ad-8074-4695ebb474dd,0.0000,0.0000,0.0000
a92398d5-eeed-4e68-8bb6-2439bc87e0e8,0.0000,0.0000,0.0000
679abcc7-ecb3-4aba-b839-0a9966e369aa,0.0000,0.0000,0.0000
b2f92a7d-38ad-4247-8c7a-2c43efb7f438,0.0000,0.0000,0.0000
f2f86e4e-c54d-417a-a7b0-ccbe3ee4ec43,0.0000,0.0000,0.0000
18e4bbe2-ec3d-4fcc-9763-225dcf881eaa,0.1510,26.8392,25.5026
bf1c75f3-dc6f-4633-bb00-ac34ebaaa713,0.1252,3.3333,3.2081
7f05edb1-c4d9-447a-bb66-68b02bca682b,0.2096,2.2221,2.0125
f6f45577-4478-46b3-b556-a1f395b82d35,0.0000,0.0000,0.0000
e344630e-d713-4069-a8bc-676006ec3ae6,0.0000,0.0000,0.0000
81dceff4-6b07-4f9f-ae55-c8774fa2fd2b,0.0000,0.0000,0.0000
9e0e1243-025f-4f7c-abc4-f11f61fcc513,0.0000,0.0000,0.0000
c7e62e15-472b-41f8-81ca-2c7bb48b6987,0.3767,1.1110,0.7343
f989fbaf-c660-4fd4-aa80-bd646185bfc0,0.0000,0.0000,0.0000
12609b1d-afc6-4796-bca2-1ffa18e1da09,0.0000,0.0000,0.0000
7bf55e81-e037-4521-9e4c-730f8ed60571,0.0000,0.0000,0.0000
85f3e05e-9725-462f-b593-ab09f44990d5,0.0000,0.0000,0.0000
b0fc18dd-dac8-4adc-be36-8090ca26a293,0.0000,0.0000,0.0000
166b42df-67ab-4566-b9b5-bd7a3ac6d063,0.0000,0.0000,0.0000
55d1ccc3-ecfe-4c5a-9e58-18103e908d1f,0.0000,0.0000,0.0000
35abb70f-a076-40fe-b6aa-0ba1a4063d6a,0.0000,0.0000,0.0000
c2610599-5bb7-4127-a9d4-27e995a77edb,0.0000,0.0000,0.0000
70666321-72a7-4cf5-87d7-f1a87c382fea,0.0000,0.0000,0.0000
98469421-2cfc-4211-8140-83729290fab8,0.0000,0.0000,0.0000
4ed34c6b-5b22-4495-a027-510108ebcd2e,0.0000,0.0000,0.0000
c94557f7-2f51-40d5-867e-3dac9bcc1a3e,0.0000,0.0000,0.0000
af1716c3-6ae8-4b1f-bae4-983093522d09,0.4185,0.5555,0.1370
d9a24fd0-b13c-4079-8cb4-a8e3c75270ff,0.4109,0.5555,0.1446
c7c0bab2-5890-401f-8e88-b43b33b80662,0.0000,0.0000,0.0000
d4232a3a-fe1d-4222-9f21-36f06a6827c3,0.0000,0.0000,0.0000
d2d66788-d7ca-474e-99ac-0507ed1c4434,0.0000,0.0000,0.0000
39fcc6fb-8d44-45d0-b398-063ccd4f1dea,0.0000,0.0000,0.0000
5d1b740a-af1b-40bf-ac28-eecf231f8792,0.0000,0.0000,0.0000
ec93cca3-1703-4524-b7f0-535c7576083c,0.0000,0.0000,0.0000
d7829bac-4ce8-4fdd-b4e3-a8ed853fd278,0.0000,0.0000,0.0000
cf494086-808c-4275-a74a-a89cbf7a174f,0.0000,0.0000,0.0000
2453e1b4-89cc-4e6f-9199-7866b2b19206,0.0000,0.0000,0.0000
edd83983-0e40-4c0c-b55a-c11108080890,0.0198,1.1110,1.0912
f608dcff-b349-4171-87ee-454d1af27674,0.0000,0.0000,0.0000
217e7ca0-e383-4893-a1cc-a2e538695a45,0.0000,0.0000,0.0000
c73496aa-ecfd-44aa-8950-a8768441cc18,0.0000,0.0000,0.0000
7a926ad5-9703-4fd0-a715-f3322887eb2b,0.0010,1.6665,1.6655
279e1d0f-2d3a-4583-b3b6-2c2bee6becf9,0.0000,0.0000,0.0000
6c4747fb-54d9-4533-ae06-2afc4015427a,0.0000,0.0000,0.0000
7ee5485c-3f21-40e5-a448-d1a690c712b6,0.0000,0.0000,0.0000
d6a48652-cb1b-4925-a1c7-740ca2171273,0.0000,0.0000,0.0000
3288ca3c-e53c-468e-8e14-3bec41c0ee16,0.0000,0.0000,0.0000
07da5308-184e-4ced-b1c1-62b150cdf1a2,0.0000,0.0000,0.0000
abacfc4e-d9b5-49f6-963c-7012289b52a1,0.0000,0.0000,0.0000
630be25f-a67a-4220-9261-4cee33a1d0b8,0.0000,0.0000,0.0000
637a90b3-a90f-4d36-88a2-4f02116b7f4d,0.0000,0.0000,0.0000
0bea781f-db73-4d57-bc31-3d743a605a36,0.0000,0.0000,0.0000
a5f9ed0e-4485-4bbe-a316-29fcd2515ffe,0.0000,0.0000,0.0000
1ac6b5d1-0b44-40e3-ae3d-a614bc563e56,0.0000,0.0000,0.0000
0747c104-fa6d-40c0-b891-e3a781dc009a,0.0000,0.0000,0.0000
2618a967-3a98-409c-abad-a7ffffaba2e7,0.0000,0.0000,0.0000
baf56ca1-6723-4f79-95d2-eade979a6d7b,0.0000,0.0000,0.0000
b4fe29c2-0615-438b-a912-b617faded8a4,0.0000,0.0000,0.0000
a40be725-cc27-4cb6-b69a-70adbb63e44a,0.0000,0.0000,0.0000
bf4010af-ce0c-40ec-98cf-afe6add6c0cb,0.0000,0.0000,0.0000
c1b3aaeb-40ae-4e6d-9f8c-6cb43af43066,0.0461,1.6665,1.6204
09adb43d-51fd-43bb-800d-c63a39f58eb9,0.0000,0.0000,0.0000
414c1a46-44c9-4174-a554-ab08cb71732e,0.0000,0.0000,0.0000
effee035-daef-43fd-aba9-a6fc7954dd46,0.0000,0.0000,0.0000
79473441-7b58-41be-87de-e925a8401555,0.0000,0.0000,0.0000
28ff1923-3b26-4da0-9183-110ad08a19b8,0.0000,0.0000,0.0000
12ac59a3-c09e-4c71-ad5b-2be0ddb961c0,0.0000,0.0000,0.0000
569d1660-c1e7-49d9-9cf5-0ad5e4a3984e,0.0000,0.0000,0.0000
2830327f-9cb5-432f-a647-22ca137513cf,0.0000,0.0000,0.0000
fb8c4231-fb1c-4fab-a809-6452f370d838,0.0000,0.0000,0.0000
7cd0b07c-4349-4456-8577-a3c546fbc3be,0.0000,0.0000,0.0000
43979548-73b9-41ba-bc92-42d595caed65,0.0002,1.1111,1.1109
59733e77-1166-469a-a176-3de4cfe4ff31,0.0000,0.0000,0.0000
f1759327-cdc1-4e23-b01b-cdd8c4215642,0.0000,0.0000,0.0000
2aea2391-93c8-4fdd-ba40-35c1d1feb350,0.0000,0.0000,0.0000
89b37c55-a078-484e-ac61-d0de2a640232,0.0000,0.0000,0.0000
975143a5-6dcd-4814-82f0-202408bf6d33,0.0000,0.0000,0.0000
b4c2227f-c9c9-473e-aea2-a3454c18bf26,0.0000,0.0000,0.0000
79eb1eb3-e146-4784-8fa0-d698c6b52b95,0.0000,0.0000,0.0000
708b06b4-d1d0-4d01-a825-c85bcb512caa,0.0000,0.0000,0.0000
cbd849f5-a587-420c-8b3a-a80adbaaa480,0.0000,0.0000,0.0000
01e5d0c3-f946-4e97-b060-254804076009,0.0000,0.0000,0.0000
1c516780-d9aa-461c-b54a-b1ec31a57f41,0.3802,1.1111,0.7309
088f4577-d0f3-448f-b0d6-21bebe9f3831,0.0757,0.5555,0.4798
0e05f709-421b-4796-82c9-46b567d1a0f6,0.0000,0.0000,0.0000
b7dbc653-c6cd-43a8-9071-45a892cc5607,0.0000,0.0000,0.0000
6b6fce50-52ff-40a7-8fc3-daaf7d9abb63,0.0081,0.5555,0.5474
67af8906-46ba-42dc-b0d2-ecdaeb211320,0.0361,1.7777,1.7416
f5a9eb4d-891e-4d2c-ba2b-1e3ee18e6745,0.0361,1.7777,1.7416
cbced18f-e45e-40c6-86a0-5dbedab7daef,0.4460,9.0712,8.6252
132cf0ab-cc6c-4d3f-b12b-52362ddefac4,0.0000,0.0000,0.0000
e0912196-80dd-4264-a122-e22f85ec2b85,0.9537,1.1111,0.1574
e747c65f-fa94-4599-bda3-2b7b7c074847,0.2289,0.5555,0.3266
